profil,dtmth,ajust_climat_F,ajust_climat_T
P011,2016-04-01,0,0
P011,2016-05-01,0,0
P011,2016-06-01,0,0
P011,2016-07-01,0,0
P011,2016-08-01,0,0
P011,2016-09-01,0,0
P011,2016-10-01,-0.04704272,-0.04640318
P011,2016-11-01,-0.04704272,-0.04640318
P011,2016-12-01,-0.09167966,-0.05446341
P011,2017-01-01,-0.09167966,-0.05446341
P011,2017-02-01,-0.09167966,-0.05446341
P011,2017-03-01,-0.09167966,-0.05446341
P011,2017-04-01,0,0
P011,2017-05-01,0,0
P011,2017-06-01,0,0
P011,2017-07-01,0,0
P011,2017-08-01,0,0
P011,2017-09-01,0,0
P011,2017-10-01,-0.04704272,-0.04640318
P011,2017-11-01,-0.04704272,-0.04640318
P011,2017-12-01,-0.09167966,-0.05446341
P011,2018-01-01,-0.09167966,-0.05446341
P011,2018-02-01,-0.09167966,-0.05446341
P011,2018-03-01,-0.09167966,-0.05446341
P011,2018-04-01,0,0
P011,2018-05-01,0,0
P011,2018-06-01,0,0
P011,2018-07-01,0,0
P011,2018-08-01,0,0
P011,2018-09-01,0,0
P011,2018-10-01,-0.04704272,-0.04640318
P011,2018-11-01,-0.04704272,-0.04640318
P011,2018-12-01,-0.09167966,-0.05446341
P011,2019-01-01,-0.09167966,-0.05446341
P011,2019-02-01,-0.09167966,-0.05446341
P011,2019-03-01,-0.09167966,-0.05446341
P011,2019-04-01,0,0
P011,2019-05-01,0,0
P011,2019-06-01,0,0
P011,2019-07-01,0,0
P011,2019-08-01,0,0
P011,2019-09-01,0,0
P011,2019-10-01,-0.04704272,-0.04640318
P011,2019-11-01,-0.04704272,-0.04640318
P011,2019-12-01,-0.09167966,-0.05446341
P011,2020-01-01,-0.09167966,-0.05446341
P011,2020-02-01,-0.09167966,-0.05446341
P011,2020-03-01,-0.09167966,-0.05446341
P011,2020-04-01,0,0
P011,2020-05-01,0,0
P011,2020-06-01,0,0
P011,2020-07-01,0,0
P011,2020-08-01,0,0
P011,2020-09-01,0,0
P011,2020-10-01,-0.04704272,-0.04640318
P011,2020-11-01,-0.04704272,-0.04640318
P011,2020-12-01,-0.09167966,-0.05446341
P011,2021-01-01,-0.09167966,-0.05446341
P011,2021-02-01,-0.09167966,-0.05446341
P011,2021-03-01,-0.09167966,-0.05446341
P011,2021-04-01,0,0
P011,2021-05-01,0,0
P011,2021-06-01,0,0
P011,2021-07-01,0,0
P011,2021-08-01,0,0
P011,2021-09-01,0,0
P011,2021-10-01,-0.04704272,-0.04640318
P011,2021-11-01,-0.04704272,-0.04640318
P011,2021-12-01,-0.09167966,-0.05446341
P011,2022-01-01,-0.09167966,-0.05446341
P011,2022-02-01,-0.09167966,-0.05446341
P011,2022-03-01,-0.09167966,-0.05446341
P011,2022-04-01,0,0
P011,2022-05-01,0,0
P011,2022-06-01,0,0
P011,2022-07-01,0,0
P011,2022-08-01,0,0
P011,2022-09-01,0,0
P011,2022-10-01,-0.04704272,-0.04640318
P011,2022-11-01,-0.04704272,-0.04640318
P011,2022-12-01,-0.09167966,-0.05446341
P011,2023-01-01,-0.09167966,-0.05446341
P011,2023-02-01,-0.09167966,-0.05446341
P011,2023-03-01,-0.09167966,-0.05446341
P011,2023-04-01,0,0
P011,2023-05-01,0,0
P011,2023-06-01,0,0
P011,2023-07-01,0,0
P011,2023-08-01,0,0
P011,2023-09-01,0,0
P011,2023-10-01,-0.04704272,-0.04640318
P011,2023-11-01,-0.04704272,-0.04640318
P011,2023-12-01,-0.09167966,-0.05446341
P011,2024-01-01,-0.09167966,-0.05446341
P011,2024-02-01,-0.09167966,-0.05446341
P011,2024-03-01,-0.09167966,-0.05446341
P011,2024-04-01,0,0
P011,2024-05-01,0,0
P011,2024-06-01,0,0
P011,2024-07-01,0,0
P011,2024-08-01,0,0
P011,2024-09-01,0,0
P011,2024-10-01,-0.04704272,-0.04640318
P011,2024-11-01,-0.04704272,-0.04640318
P011,2024-12-01,-0.09167966,-0.05446341
P011,2025-01-01,-0.09167966,-0.05446341
P011,2025-02-01,-0.09167966,-0.05446341
P011,2025-03-01,-0.09167966,-0.05446341
P011,2025-04-01,0,0
P011,2025-05-01,0,0
P011,2025-06-01,0,0
P011,2025-07-01,0,0
P011,2025-08-01,0,0
P011,2025-09-01,0,0
P011,2025-10-01,-0.04704272,-0.04640318
P011,2025-11-01,-0.04704272,-0.04640318
P011,2025-12-01,-0.09167966,-0.05446341
P011,2026-01-01,-0.09167966,-0.05446341
P011,2026-02-01,-0.09167966,-0.05446341
P011,2026-03-01,-0.09167966,-0.05446341
P011,2026-04-01,0,0
P011,2026-05-01,0,0
P011,2026-06-01,0,0
P011,2026-07-01,0,0
P011,2026-08-01,0,0
P011,2026-09-01,0,0
P011,2026-10-01,-0.04704272,-0.04640318
P011,2026-11-01,-0.04704272,-0.04640318
P011,2026-12-01,-0.09167966,-0.05446341
P011,2027-01-01,-0.09167966,-0.05446341
P011,2027-02-01,-0.09167966,-0.05446341
P011,2027-03-01,-0.09167966,-0.05446341
P011,2027-04-01,0,0
P011,2027-05-01,0,0
P011,2027-06-01,0,0
P011,2027-07-01,0,0
P011,2027-08-01,0,0
P011,2027-09-01,0,0
P011,2027-10-01,-0.04704272,-0.04640318
P011,2027-11-01,-0.04704272,-0.04640318
P011,2027-12-01,-0.09167966,-0.05446341
P011,2028-01-01,-0.09167966,-0.05446341
P011,2028-02-01,-0.09167966,-0.05446341
P011,2028-03-01,-0.09167966,-0.05446341
P011,2028-04-01,0,0
P011,2028-05-01,0,0
P011,2028-06-01,0,0
P011,2028-07-01,0,0
P011,2028-08-01,0,0
P011,2028-09-01,0,0
P011,2028-10-01,-0.04704272,-0.04640318
P011,2028-11-01,-0.04704272,-0.04640318
P011,2028-12-01,-0.09167966,-0.05446341
P011,2029-01-01,-0.09167966,-0.05446341
P011,2029-02-01,-0.09167966,-0.05446341
P011,2029-03-01,-0.09167966,-0.05446341
P012,2016-04-01,-0.1063332,-0.12649587
P012,2016-05-01,-0.10652397,-0.12123989
P012,2016-06-01,-0.08723296,-0.06138809
P012,2016-07-01,0,0
P012,2016-08-01,0,0
P012,2016-09-01,-0.06157185,-0.0599519
P012,2016-10-01,-0.10832407,-0.12809336
P012,2016-11-01,-0.11673174,-0.12582132
P012,2016-12-01,-0.14128214,-0.14497178
P012,2017-01-01,-0.14128214,-0.14497178
P012,2017-02-01,-0.14128214,-0.14497178
P012,2017-03-01,-0.14128214,-0.14497178
P012,2017-04-01,-0.1063332,-0.12649587
P012,2017-05-01,-0.10652397,-0.12123989
P012,2017-06-01,-0.08723296,-0.06138809
P012,2017-07-01,0,0
P012,2017-08-01,0,0
P012,2017-09-01,-0.06157185,-0.0599519
P012,2017-10-01,-0.10832407,-0.12809336
P012,2017-11-01,-0.11673174,-0.12582132
P012,2017-12-01,-0.14128214,-0.14497178
P012,2018-01-01,-0.14128214,-0.14497178
P012,2018-02-01,-0.14128214,-0.14497178
P012,2018-03-01,-0.14128214,-0.14497178
P012,2018-04-01,-0.148945,-0.15367
P012,2018-05-01,-0.109145,-0.10447
P012,2018-06-01,-0.071745,-0.07027
P012,2018-07-01,0,0
P012,2018-08-01,0,0
P012,2018-09-01,-0.071745,-0.07027
P012,2018-10-01,-0.120245,-0.12267
P012,2018-11-01,-0.153645,-0.14887
P012,2018-12-01,-0.150745,-0.15267
P012,2019-01-01,-0.150745,-0.15267
P012,2019-02-01,-0.150745,-0.15267
P012,2019-03-01,-0.150745,-0.15267
P012,2019-04-01,-0.148945,-0.15367
P012,2019-05-01,-0.109145,-0.10447
P012,2019-06-01,-0.071745,-0.07027
P012,2019-07-01,0,0
P012,2019-08-01,0,0
P012,2019-09-01,-0.071745,-0.07027
P012,2019-10-01,-0.120245,-0.12267
P012,2019-11-01,-0.153645,-0.14887
P012,2019-12-01,-0.150745,-0.15267
P012,2020-01-01,-0.150745,-0.15267
P012,2020-02-01,-0.150745,-0.15267
P012,2020-03-01,-0.150745,-0.15267
P012,2020-04-01,-0.148945,-0.15367
P012,2020-05-01,-0.109145,-0.10447
P012,2020-06-01,-0.071745,-0.07027
P012,2020-07-01,0,0
P012,2020-08-01,0,0
P012,2020-09-01,-0.071745,-0.07027
P012,2020-10-01,-0.120245,-0.12267
P012,2020-11-01,-0.153645,-0.14887
P012,2020-12-01,-0.150745,-0.15267
P012,2021-01-01,-0.150745,-0.15267
P012,2021-02-01,-0.150745,-0.15267
P012,2021-03-01,-0.150745,-0.15267
P012,2021-04-01,-0.148945,-0.15367
P012,2021-05-01,-0.109145,-0.10447
P012,2021-06-01,-0.071745,-0.07027
P012,2021-07-01,0,0
P012,2021-08-01,0,0
P012,2021-09-01,-0.071745,-0.07027
P012,2021-10-01,-0.120245,-0.12267
P012,2021-11-01,-0.153645,-0.14887
P012,2021-12-01,-0.150745,-0.15267
P012,2022-01-01,-0.150745,-0.15267
P012,2022-02-01,-0.150745,-0.15267
P012,2022-03-01,-0.150745,-0.15267
P012,2022-04-01,-0.148945,-0.15367
P012,2022-05-01,-0.109145,-0.10447
P012,2022-06-01,-0.071745,-0.07027
P012,2022-07-01,0,0
P012,2022-08-01,0,0
P012,2022-09-01,-0.071745,-0.07027
P012,2022-10-01,-0.120245,-0.12267
P012,2022-11-01,-0.153645,-0.14887
P012,2022-12-01,-0.150745,-0.15267
P012,2023-01-01,-0.150745,-0.15267
P012,2023-02-01,-0.150745,-0.15267
P012,2023-03-01,-0.150745,-0.15267
P012,2023-04-01,-0.148945,-0.15367
P012,2023-05-01,-0.109145,-0.10447
P012,2023-06-01,-0.071745,-0.07027
P012,2023-07-01,0,0
P012,2023-08-01,0,0
P012,2023-09-01,-0.071745,-0.07027
P012,2023-10-01,-0.120245,-0.12267
P012,2023-11-01,-0.153645,-0.14887
P012,2023-12-01,-0.150745,-0.15267
P012,2024-01-01,-0.150745,-0.15267
P012,2024-02-01,-0.150745,-0.15267
P012,2024-03-01,-0.150745,-0.15267
P012,2024-04-01,-0.148945,-0.15367
P012,2024-05-01,-0.109145,-0.10447
P012,2024-06-01,-0.071745,-0.07027
P012,2024-07-01,0,0
P012,2024-08-01,0,0
P012,2024-09-01,-0.071745,-0.07027
P012,2024-10-01,-0.120245,-0.12267
P012,2024-11-01,-0.153645,-0.14887
P012,2024-12-01,-0.150745,-0.15267
P012,2025-01-01,-0.150745,-0.15267
P012,2025-02-01,-0.150745,-0.15267
P012,2025-03-01,-0.150745,-0.15267
P012,2025-04-01,-0.148945,-0.15367
P012,2025-05-01,-0.109145,-0.10447
P012,2025-06-01,-0.071745,-0.07027
P012,2025-07-01,0,0
P012,2025-08-01,0,0
P012,2025-09-01,-0.071745,-0.07027
P012,2025-10-01,-0.120245,-0.12267
P012,2025-11-01,-0.153645,-0.14887
P012,2025-12-01,-0.150745,-0.15267
P012,2026-01-01,-0.150745,-0.15267
P012,2026-02-01,-0.150745,-0.15267
P012,2026-03-01,-0.150745,-0.15267
P012,2026-04-01,-0.148945,-0.15367
P012,2026-05-01,-0.109145,-0.10447
P012,2026-06-01,-0.071745,-0.07027
P012,2026-07-01,0,0
P012,2026-08-01,0,0
P012,2026-09-01,-0.071745,-0.07027
P012,2026-10-01,-0.120245,-0.12267
P012,2026-11-01,-0.153645,-0.14887
P012,2026-12-01,-0.150745,-0.15267
P012,2027-01-01,-0.150745,-0.15267
P012,2027-02-01,-0.150745,-0.15267
P012,2027-03-01,-0.150745,-0.15267
P012,2027-04-01,-0.148945,-0.15367
P012,2027-05-01,-0.109145,-0.10447
P012,2027-06-01,-0.071745,-0.07027
P012,2027-07-01,0,0
P012,2027-08-01,0,0
P012,2027-09-01,-0.071745,-0.07027
P012,2027-10-01,-0.120245,-0.12267
P012,2027-11-01,-0.153645,-0.14887
P012,2027-12-01,-0.150745,-0.15267
P012,2028-01-01,-0.150745,-0.15267
P012,2028-02-01,-0.150745,-0.15267
P012,2028-03-01,-0.150745,-0.15267
P012,2028-04-01,-0.148945,-0.15367
P012,2028-05-01,-0.109145,-0.10447
P012,2028-06-01,-0.071745,-0.07027
P012,2028-07-01,0,0
P012,2028-08-01,0,0
P012,2028-09-01,-0.071745,-0.07027
P012,2028-10-01,-0.120245,-0.12267
P012,2028-11-01,-0.153645,-0.14887
P012,2028-12-01,-0.150745,-0.15267
P012,2029-01-01,-0.150745,-0.15267
P012,2029-02-01,-0.150745,-0.15267
P012,2029-03-01,-0.150745,-0.15267
P013,2016-04-01,0,0
P013,2016-05-01,0,0
P013,2016-06-01,0,0
P013,2016-07-01,0,0
P013,2016-08-01,0,0
P013,2016-09-01,0,0
P013,2016-10-01,0,0
P013,2016-11-01,0,0
P013,2016-12-01,0,0
P013,2017-01-01,0,0
P013,2017-02-01,0,0
P013,2017-03-01,0,0
P013,2017-04-01,0,0
P013,2017-05-01,0,0
P013,2017-06-01,0,0
P013,2017-07-01,0,0
P013,2017-08-01,0,0
P013,2017-09-01,0,0
P013,2017-10-01,0,0
P013,2017-11-01,0,0
P013,2017-12-01,0,0
P013,2018-01-01,0,0
P013,2018-02-01,0,0
P013,2018-03-01,0,0
P013,2018-04-01,0,0
P013,2018-05-01,0,0
P013,2018-06-01,0,0
P013,2018-07-01,0,0
P013,2018-08-01,0,0
P013,2018-09-01,0,0
P013,2018-10-01,0,0
P013,2018-11-01,0,0
P013,2018-12-01,0,0
P013,2019-01-01,0,0
P013,2019-02-01,0,0
P013,2019-03-01,0,0
P013,2019-04-01,0,0
P013,2019-05-01,0,0
P013,2019-06-01,0,0
P013,2019-07-01,0,0
P013,2019-08-01,0,0
P013,2019-09-01,0,0
P013,2019-10-01,0,0
P013,2019-11-01,0,0
P013,2019-12-01,0,0
P013,2020-01-01,0,0
P013,2020-02-01,0,0
P013,2020-03-01,0,0
P013,2020-04-01,0,0
P013,2020-05-01,0,0
P013,2020-06-01,0,0
P013,2020-07-01,0,0
P013,2020-08-01,0,0
P013,2020-09-01,0,0
P013,2020-10-01,0,0
P013,2020-11-01,0,0
P013,2020-12-01,0,0
P013,2021-01-01,0,0
P013,2021-02-01,0,0
P013,2021-03-01,0,0
P013,2021-04-01,0,0
P013,2021-05-01,0,0
P013,2021-06-01,0,0
P013,2021-07-01,0,0
P013,2021-08-01,0,0
P013,2021-09-01,0,0
P013,2021-10-01,0,0
P013,2021-11-01,0,0
P013,2021-12-01,0,0
P013,2022-01-01,0,0
P013,2022-02-01,0,0
P013,2022-03-01,0,0
P013,2022-04-01,0,0
P013,2022-05-01,0,0
P013,2022-06-01,0,0
P013,2022-07-01,0,0
P013,2022-08-01,0,0
P013,2022-09-01,0,0
P013,2022-10-01,0,0
P013,2022-11-01,0,0
P013,2022-12-01,0,0
P013,2023-01-01,0,0
P013,2023-02-01,0,0
P013,2023-03-01,0,0
P013,2023-04-01,0,0
P013,2023-05-01,0,0
P013,2023-06-01,0,0
P013,2023-07-01,0,0
P013,2023-08-01,0,0
P013,2023-09-01,0,0
P013,2023-10-01,0,0
P013,2023-11-01,0,0
P013,2023-12-01,0,0
P013,2024-01-01,0,0
P013,2024-02-01,0,0
P013,2024-03-01,0,0
P013,2024-04-01,0,0
P013,2024-05-01,0,0
P013,2024-06-01,0,0
P013,2024-07-01,0,0
P013,2024-08-01,0,0
P013,2024-09-01,0,0
P013,2024-10-01,0,0
P013,2024-11-01,0,0
P013,2024-12-01,0,0
P013,2025-01-01,0,0
P013,2025-02-01,0,0
P013,2025-03-01,0,0
P013,2025-04-01,0,0
P013,2025-05-01,0,0
P013,2025-06-01,0,0
P013,2025-07-01,0,0
P013,2025-08-01,0,0
P013,2025-09-01,0,0
P013,2025-10-01,0,0
P013,2025-11-01,0,0
P013,2025-12-01,0,0
P013,2026-01-01,0,0
P013,2026-02-01,0,0
P013,2026-03-01,0,0
P013,2026-04-01,0,0
P013,2026-05-01,0,0
P013,2026-06-01,0,0
P013,2026-07-01,0,0
P013,2026-08-01,0,0
P013,2026-09-01,0,0
P013,2026-10-01,0,0
P013,2026-11-01,0,0
P013,2026-12-01,0,0
P013,2027-01-01,0,0
P013,2027-02-01,0,0
P013,2027-03-01,0,0
P013,2027-04-01,0,0
P013,2027-05-01,0,0
P013,2027-06-01,0,0
P013,2027-07-01,0,0
P013,2027-08-01,0,0
P013,2027-09-01,0,0
P013,2027-10-01,0,0
P013,2027-11-01,0,0
P013,2027-12-01,0,0
P013,2028-01-01,0,0
P013,2028-02-01,0,0
P013,2028-03-01,0,0
P013,2028-04-01,0,0
P013,2028-05-01,0,0
P013,2028-06-01,0,0
P013,2028-07-01,0,0
P013,2028-08-01,0,0
P013,2028-09-01,0,0
P013,2028-10-01,0,0
P013,2028-11-01,0,0
P013,2028-12-01,0,0
P013,2029-01-01,0,0
P013,2029-02-01,0,0
P013,2029-03-01,0,0
P014,2016-04-01,0,0
P014,2016-05-01,0,0
P014,2016-06-01,0,0
P014,2016-07-01,0,0
P014,2016-08-01,0,0
P014,2016-09-01,0,0
P014,2016-10-01,0,0
P014,2016-11-01,0,0
P014,2016-12-01,0,0
P014,2017-01-01,0,0
P014,2017-02-01,0,0
P014,2017-03-01,0,0
P014,2017-04-01,0,0
P014,2017-05-01,0,0
P014,2017-06-01,0,0
P014,2017-07-01,0,0
P014,2017-08-01,0,0
P014,2017-09-01,0,0
P014,2017-10-01,0,0
P014,2017-11-01,0,0
P014,2017-12-01,0,0
P014,2018-01-01,0,0
P014,2018-02-01,0,0
P014,2018-03-01,0,0
P014,2018-04-01,0,0
P014,2018-05-01,0,0
P014,2018-06-01,0,0
P014,2018-07-01,0,0
P014,2018-08-01,0,0
P014,2018-09-01,0,0
P014,2018-10-01,0,0
P014,2018-11-01,0,0
P014,2018-12-01,0,0
P014,2019-01-01,0,0
P014,2019-02-01,0,0
P014,2019-03-01,0,0
P014,2019-04-01,0,0
P014,2019-05-01,0,0
P014,2019-06-01,0,0
P014,2019-07-01,0,0
P014,2019-08-01,0,0
P014,2019-09-01,0,0
P014,2019-10-01,0,0
P014,2019-11-01,0,0
P014,2019-12-01,0,0
P014,2020-01-01,0,0
P014,2020-02-01,0,0
P014,2020-03-01,0,0
P014,2020-04-01,0,0
P014,2020-05-01,0,0
P014,2020-06-01,0,0
P014,2020-07-01,0,0
P014,2020-08-01,0,0
P014,2020-09-01,0,0
P014,2020-10-01,0,0
P014,2020-11-01,0,0
P014,2020-12-01,0,0
P014,2021-01-01,0,0
P014,2021-02-01,0,0
P014,2021-03-01,0,0
P014,2021-04-01,0,0
P014,2021-05-01,0,0
P014,2021-06-01,0,0
P014,2021-07-01,0,0
P014,2021-08-01,0,0
P014,2021-09-01,0,0
P014,2021-10-01,0,0
P014,2021-11-01,0,0
P014,2021-12-01,0,0
P014,2022-01-01,0,0
P014,2022-02-01,0,0
P014,2022-03-01,0,0
P014,2022-04-01,0,0
P014,2022-05-01,0,0
P014,2022-06-01,0,0
P014,2022-07-01,0,0
P014,2022-08-01,0,0
P014,2022-09-01,0,0
P014,2022-10-01,0,0
P014,2022-11-01,0,0
P014,2022-12-01,0,0
P014,2023-01-01,0,0
P014,2023-02-01,0,0
P014,2023-03-01,0,0
P014,2023-04-01,0,0
P014,2023-05-01,0,0
P014,2023-06-01,0,0
P014,2023-07-01,0,0
P014,2023-08-01,0,0
P014,2023-09-01,0,0
P014,2023-10-01,0,0
P014,2023-11-01,0,0
P014,2023-12-01,0,0
P014,2024-01-01,0,0
P014,2024-02-01,0,0
P014,2024-03-01,0,0
P014,2024-04-01,0,0
P014,2024-05-01,0,0
P014,2024-06-01,0,0
P014,2024-07-01,0,0
P014,2024-08-01,0,0
P014,2024-09-01,0,0
P014,2024-10-01,0,0
P014,2024-11-01,0,0
P014,2024-12-01,0,0
P014,2025-01-01,0,0
P014,2025-02-01,0,0
P014,2025-03-01,0,0
P014,2025-04-01,0,0
P014,2025-05-01,0,0
P014,2025-06-01,0,0
P014,2025-07-01,0,0
P014,2025-08-01,0,0
P014,2025-09-01,0,0
P014,2025-10-01,0,0
P014,2025-11-01,0,0
P014,2025-12-01,0,0
P014,2026-01-01,0,0
P014,2026-02-01,0,0
P014,2026-03-01,0,0
P014,2026-04-01,0,0
P014,2026-05-01,0,0
P014,2026-06-01,0,0
P014,2026-07-01,0,0
P014,2026-08-01,0,0
P014,2026-09-01,0,0
P014,2026-10-01,0,0
P014,2026-11-01,0,0
P014,2026-12-01,0,0
P014,2027-01-01,0,0
P014,2027-02-01,0,0
P014,2027-03-01,0,0
P014,2027-04-01,0,0
P014,2027-05-01,0,0
P014,2027-06-01,0,0
P014,2027-07-01,0,0
P014,2027-08-01,0,0
P014,2027-09-01,0,0
P014,2027-10-01,0,0
P014,2027-11-01,0,0
P014,2027-12-01,0,0
P014,2028-01-01,0,0
P014,2028-02-01,0,0
P014,2028-03-01,0,0
P014,2028-04-01,0,0
P014,2028-05-01,0,0
P014,2028-06-01,0,0
P014,2028-07-01,0,0
P014,2028-08-01,0,0
P014,2028-09-01,0,0
P014,2028-10-01,0,0
P014,2028-11-01,0,0
P014,2028-12-01,0,0
P014,2029-01-01,0,0
P014,2029-02-01,0,0
P014,2029-03-01,0,0
P015,2016-04-01,-0.04444163,-0.06101185
P015,2016-05-01,-0.04444163,-0.06101185
P015,2016-06-01,-0.04444163,-0.06101185
P015,2016-07-01,-0.04444163,-0.06101185
P015,2016-08-01,-0.04444163,-0.06101185
P015,2016-09-01,-0.04444163,-0.06101185
P015,2016-10-01,-0.04444163,-0.06101185
P015,2016-11-01,-0.04444163,-0.06101185
P015,2016-12-01,-0.04444163,-0.06101185
P015,2017-01-01,-0.04444163,-0.06101185
P015,2017-02-01,-0.04444163,-0.06101185
P015,2017-03-01,-0.04444163,-0.06101185
P015,2017-04-01,-0.04180186,-0.05010248
P015,2017-05-01,-0.04180185,-0.04796143
P015,2017-06-01,-0.04180184,-0.04796142
P015,2017-07-01,0,0
P015,2017-08-01,0,0
P015,2017-09-01,-0.03392533,-0.04920157
P015,2017-10-01,-0.03392534,-0.04920158
P015,2017-11-01,-0.04457967,-0.05048908
P015,2017-12-01,-0.05010085,-0.06810714
P015,2018-01-01,-0.05010085,-0.06810714
P015,2018-02-01,-0.05010085,-0.06810714
P015,2018-03-01,-0.05010084,-0.06366186
P015,2018-04-01,-0.04302,-0.057065
P015,2018-05-01,-0.04032,-0.040965
P015,2018-06-01,-0.02752,-0.038265
P015,2018-07-01,0,0
P015,2018-08-01,0,0
P015,2018-09-01,-0.02752,-0.038265
P015,2018-10-01,-0.03042,-0.049965
P015,2018-11-01,-0.04302,-0.057065
P015,2018-12-01,-0.04302,-0.057065
P015,2019-01-01,-0.04302,-0.057065
P015,2019-02-01,-0.04302,-0.057065
P015,2019-03-01,-0.04302,-0.057065
P015,2019-04-01,-0.04302,-0.057065
P015,2019-05-01,-0.04032,-0.040965
P015,2019-06-01,-0.02752,-0.038265
P015,2019-07-01,0,0
P015,2019-08-01,0,0
P015,2019-09-01,-0.02752,-0.038265
P015,2019-10-01,-0.03042,-0.049965
P015,2019-11-01,-0.04302,-0.057065
P015,2019-12-01,-0.04302,-0.057065
P015,2020-01-01,-0.04302,-0.057065
P015,2020-02-01,-0.04302,-0.057065
P015,2020-03-01,-0.04302,-0.057065
P015,2020-04-01,-0.04302,-0.057065
P015,2020-05-01,-0.04032,-0.040965
P015,2020-06-01,-0.02752,-0.038265
P015,2020-07-01,0,0
P015,2020-08-01,0,0
P015,2020-09-01,-0.02752,-0.038265
P015,2020-10-01,-0.03042,-0.049965
P015,2020-11-01,-0.04302,-0.057065
P015,2020-12-01,-0.04302,-0.057065
P015,2021-01-01,-0.04302,-0.057065
P015,2021-02-01,-0.04302,-0.057065
P015,2021-03-01,-0.04302,-0.057065
P015,2021-04-01,-0.04302,-0.057065
P015,2021-05-01,-0.04032,-0.040965
P015,2021-06-01,-0.02752,-0.038265
P015,2021-07-01,0,0
P015,2021-08-01,0,0
P015,2021-09-01,-0.02752,-0.038265
P015,2021-10-01,-0.03042,-0.049965
P015,2021-11-01,-0.04302,-0.057065
P015,2021-12-01,-0.04302,-0.057065
P015,2022-01-01,-0.04302,-0.057065
P015,2022-02-01,-0.04302,-0.057065
P015,2022-03-01,-0.04302,-0.057065
P015,2022-04-01,-0.04302,-0.057065
P015,2022-05-01,-0.04032,-0.040965
P015,2022-06-01,-0.02752,-0.038265
P015,2022-07-01,0,0
P015,2022-08-01,0,0
P015,2022-09-01,-0.02752,-0.038265
P015,2022-10-01,-0.03042,-0.049965
P015,2022-11-01,-0.04302,-0.057065
P015,2022-12-01,-0.04302,-0.057065
P015,2023-01-01,-0.04302,-0.057065
P015,2023-02-01,-0.04302,-0.057065
P015,2023-03-01,-0.04302,-0.057065
P015,2023-04-01,-0.04302,-0.057065
P015,2023-05-01,-0.04032,-0.040965
P015,2023-06-01,-0.02752,-0.038265
P015,2023-07-01,0,0
P015,2023-08-01,0,0
P015,2023-09-01,-0.02752,-0.038265
P015,2023-10-01,-0.03042,-0.049965
P015,2023-11-01,-0.04302,-0.057065
P015,2023-12-01,-0.04302,-0.057065
P015,2024-01-01,-0.04302,-0.057065
P015,2024-02-01,-0.04302,-0.057065
P015,2024-03-01,-0.04302,-0.057065
P015,2024-04-01,-0.04302,-0.057065
P015,2024-05-01,-0.04032,-0.040965
P015,2024-06-01,-0.02752,-0.038265
P015,2024-07-01,0,0
P015,2024-08-01,0,0
P015,2024-09-01,-0.02752,-0.038265
P015,2024-10-01,-0.03042,-0.049965
P015,2024-11-01,-0.04302,-0.057065
P015,2024-12-01,-0.04302,-0.057065
P015,2025-01-01,-0.04302,-0.057065
P015,2025-02-01,-0.04302,-0.057065
P015,2025-03-01,-0.04302,-0.057065
P015,2025-04-01,-0.04302,-0.057065
P015,2025-05-01,-0.04032,-0.040965
P015,2025-06-01,-0.02752,-0.038265
P015,2025-07-01,0,0
P015,2025-08-01,0,0
P015,2025-09-01,-0.02752,-0.038265
P015,2025-10-01,-0.03042,-0.049965
P015,2025-11-01,-0.04302,-0.057065
P015,2025-12-01,-0.04302,-0.057065
P015,2026-01-01,-0.04302,-0.057065
P015,2026-02-01,-0.04302,-0.057065
P015,2026-03-01,-0.04302,-0.057065
P015,2026-04-01,-0.04302,-0.057065
P015,2026-05-01,-0.04032,-0.040965
P015,2026-06-01,-0.02752,-0.038265
P015,2026-07-01,0,0
P015,2026-08-01,0,0
P015,2026-09-01,-0.02752,-0.038265
P015,2026-10-01,-0.03042,-0.049965
P015,2026-11-01,-0.04302,-0.057065
P015,2026-12-01,-0.04302,-0.057065
P015,2027-01-01,-0.04302,-0.057065
P015,2027-02-01,-0.04302,-0.057065
P015,2027-03-01,-0.04302,-0.057065
P015,2027-04-01,-0.04302,-0.057065
P015,2027-05-01,-0.04032,-0.040965
P015,2027-06-01,-0.02752,-0.038265
P015,2027-07-01,0,0
P015,2027-08-01,0,0
P015,2027-09-01,-0.02752,-0.038265
P015,2027-10-01,-0.03042,-0.049965
P015,2027-11-01,-0.04302,-0.057065
P015,2027-12-01,-0.04302,-0.057065
P015,2028-01-01,-0.04302,-0.057065
P015,2028-02-01,-0.04302,-0.057065
P015,2028-03-01,-0.04302,-0.057065
P015,2028-04-01,-0.04302,-0.057065
P015,2028-05-01,-0.04032,-0.040965
P015,2028-06-01,-0.02752,-0.038265
P015,2028-07-01,0,0
P015,2028-08-01,0,0
P015,2028-09-01,-0.02752,-0.038265
P015,2028-10-01,-0.03042,-0.049965
P015,2028-11-01,-0.04302,-0.057065
P015,2028-12-01,-0.04302,-0.057065
P015,2029-01-01,-0.04302,-0.057065
P015,2029-02-01,-0.04302,-0.057065
P015,2029-03-01,-0.04302,-0.057065
P016,2016-04-01,-0.10668199,-0.11477527
P016,2016-05-01,-0.10668199,-0.11477527
P016,2016-06-01,-0.10668199,-0.11477527
P016,2016-07-01,-0.10668199,-0.11477527
P016,2016-08-01,-0.10668199,-0.11477527
P016,2016-09-01,-0.10668199,-0.11477527
P016,2016-10-01,-0.10668199,-0.11477527
P016,2016-11-01,-0.10668199,-0.11477527
P016,2016-12-01,-0.10668199,-0.11477527
P016,2017-01-01,-0.10668199,-0.11477527
P016,2017-02-01,-0.10668199,-0.11477527
P016,2017-03-01,-0.10668199,-0.11477527
P016,2017-04-01,-0.09221961,-0.09610385
P016,2017-05-01,-0.08488673,-0.08839324
P016,2017-06-01,-0.08488672,-0.08839323
P016,2017-07-01,0,0
P016,2017-08-01,0,0
P016,2017-09-01,-0.06043625,-0.0624665
P016,2017-10-01,-0.07923883,-0.08417246
P016,2017-11-01,-0.09242132,-0.09240918
P016,2017-12-01,-0.09850265,-0.10253238
P016,2018-01-01,-0.09850265,-0.10253238
P016,2018-02-01,-0.09850265,-0.10253238
P016,2018-03-01,-0.09850264,-0.10253237
P016,2018-04-01,-0.094135,-0.096705
P016,2018-05-01,-0.079335,-0.078805
P016,2018-06-01,-0.058635,-0.053205
P016,2018-07-01,0,0
P016,2018-08-01,0,0
P016,2018-09-01,-0.058635,-0.053205
P016,2018-10-01,-0.085435,-0.092305
P016,2018-11-01,-0.089635,-0.096205
P016,2018-12-01,-0.092635,-0.099705
P016,2019-01-01,-0.092635,-0.099705
P016,2019-02-01,-0.092635,-0.099705
P016,2019-03-01,-0.092635,-0.099705
P016,2019-04-01,-0.094135,-0.096705
P016,2019-05-01,-0.079335,-0.078805
P016,2019-06-01,-0.058635,-0.053205
P016,2019-07-01,0,0
P016,2019-08-01,0,0
P016,2019-09-01,-0.058635,-0.053205
P016,2019-10-01,-0.085435,-0.092305
P016,2019-11-01,-0.089635,-0.096205
P016,2019-12-01,-0.092635,-0.099705
P016,2020-01-01,-0.092635,-0.099705
P016,2020-02-01,-0.092635,-0.099705
P016,2020-03-01,-0.092635,-0.099705
P016,2020-04-01,-0.094135,-0.096705
P016,2020-05-01,-0.079335,-0.078805
P016,2020-06-01,-0.058635,-0.053205
P016,2020-07-01,0,0
P016,2020-08-01,0,0
P016,2020-09-01,-0.058635,-0.053205
P016,2020-10-01,-0.085435,-0.092305
P016,2020-11-01,-0.089635,-0.096205
P016,2020-12-01,-0.092635,-0.099705
P016,2021-01-01,-0.092635,-0.099705
P016,2021-02-01,-0.092635,-0.099705
P016,2021-03-01,-0.092635,-0.099705
P016,2021-04-01,-0.094135,-0.096705
P016,2021-05-01,-0.079335,-0.078805
P016,2021-06-01,-0.058635,-0.053205
P016,2021-07-01,0,0
P016,2021-08-01,0,0
P016,2021-09-01,-0.058635,-0.053205
P016,2021-10-01,-0.085435,-0.092305
P016,2021-11-01,-0.089635,-0.096205
P016,2021-12-01,-0.092635,-0.099705
P016,2022-01-01,-0.092635,-0.099705
P016,2022-02-01,-0.092635,-0.099705
P016,2022-03-01,-0.092635,-0.099705
P016,2022-04-01,-0.094135,-0.096705
P016,2022-05-01,-0.079335,-0.078805
P016,2022-06-01,-0.058635,-0.053205
P016,2022-07-01,0,0
P016,2022-08-01,0,0
P016,2022-09-01,-0.058635,-0.053205
P016,2022-10-01,-0.085435,-0.092305
P016,2022-11-01,-0.089635,-0.096205
P016,2022-12-01,-0.092635,-0.099705
P016,2023-01-01,-0.092635,-0.099705
P016,2023-02-01,-0.092635,-0.099705
P016,2023-03-01,-0.092635,-0.099705
P016,2023-04-01,-0.094135,-0.096705
P016,2023-05-01,-0.079335,-0.078805
P016,2023-06-01,-0.058635,-0.053205
P016,2023-07-01,0,0
P016,2023-08-01,0,0
P016,2023-09-01,-0.058635,-0.053205
P016,2023-10-01,-0.085435,-0.092305
P016,2023-11-01,-0.089635,-0.096205
P016,2023-12-01,-0.092635,-0.099705
P016,2024-01-01,-0.092635,-0.099705
P016,2024-02-01,-0.092635,-0.099705
P016,2024-03-01,-0.092635,-0.099705
P016,2024-04-01,-0.094135,-0.096705
P016,2024-05-01,-0.079335,-0.078805
P016,2024-06-01,-0.058635,-0.053205
P016,2024-07-01,0,0
P016,2024-08-01,0,0
P016,2024-09-01,-0.058635,-0.053205
P016,2024-10-01,-0.085435,-0.092305
P016,2024-11-01,-0.089635,-0.096205
P016,2024-12-01,-0.092635,-0.099705
P016,2025-01-01,-0.092635,-0.099705
P016,2025-02-01,-0.092635,-0.099705
P016,2025-03-01,-0.092635,-0.099705
P016,2025-04-01,-0.094135,-0.096705
P016,2025-05-01,-0.079335,-0.078805
P016,2025-06-01,-0.058635,-0.053205
P016,2025-07-01,0,0
P016,2025-08-01,0,0
P016,2025-09-01,-0.058635,-0.053205
P016,2025-10-01,-0.085435,-0.092305
P016,2025-11-01,-0.089635,-0.096205
P016,2025-12-01,-0.092635,-0.099705
P016,2026-01-01,-0.092635,-0.099705
P016,2026-02-01,-0.092635,-0.099705
P016,2026-03-01,-0.092635,-0.099705
P016,2026-04-01,-0.094135,-0.096705
P016,2026-05-01,-0.079335,-0.078805
P016,2026-06-01,-0.058635,-0.053205
P016,2026-07-01,0,0
P016,2026-08-01,0,0
P016,2026-09-01,-0.058635,-0.053205
P016,2026-10-01,-0.085435,-0.092305
P016,2026-11-01,-0.089635,-0.096205
P016,2026-12-01,-0.092635,-0.099705
P016,2027-01-01,-0.092635,-0.099705
P016,2027-02-01,-0.092635,-0.099705
P016,2027-03-01,-0.092635,-0.099705
P016,2027-04-01,-0.094135,-0.096705
P016,2027-05-01,-0.079335,-0.078805
P016,2027-06-01,-0.058635,-0.053205
P016,2027-07-01,0,0
P016,2027-08-01,0,0
P016,2027-09-01,-0.058635,-0.053205
P016,2027-10-01,-0.085435,-0.092305
P016,2027-11-01,-0.089635,-0.096205
P016,2027-12-01,-0.092635,-0.099705
P016,2028-01-01,-0.092635,-0.099705
P016,2028-02-01,-0.092635,-0.099705
P016,2028-03-01,-0.092635,-0.099705
P016,2028-04-01,-0.094135,-0.096705
P016,2028-05-01,-0.079335,-0.078805
P016,2028-06-01,-0.058635,-0.053205
P016,2028-07-01,0,0
P016,2028-08-01,0,0
P016,2028-09-01,-0.058635,-0.053205
P016,2028-10-01,-0.085435,-0.092305
P016,2028-11-01,-0.089635,-0.096205
P016,2028-12-01,-0.092635,-0.099705
P016,2029-01-01,-0.092635,-0.099705
P016,2029-02-01,-0.092635,-0.099705
P016,2029-03-01,-0.092635,-0.099705
P017,2016-04-01,-0.13117615,-0.14206216
P017,2016-05-01,-0.13117615,-0.14206216
P017,2016-06-01,-0.13117615,-0.14206216
P017,2016-07-01,-0.13117615,-0.14206216
P017,2016-08-01,-0.13117615,-0.14206216
P017,2016-09-01,-0.13117615,-0.14206216
P017,2016-10-01,-0.13117615,-0.14206216
P017,2016-11-01,-0.13117615,-0.14206216
P017,2016-12-01,-0.13117615,-0.14206216
P017,2017-01-01,-0.13117615,-0.14206216
P017,2017-02-01,-0.13117615,-0.14206216
P017,2017-03-01,-0.13117615,-0.14206216
P017,2017-04-01,-0.10934452,-0.11222965
P017,2017-05-01,-0.09635118,-0.09832104
P017,2017-06-01,-0.09635117,-0.08395912
P017,2017-07-01,0,0
P017,2017-08-01,0,0
P017,2017-09-01,-0.04875272,-0.05038143
P017,2017-10-01,-0.09360798,-0.1031625
P017,2017-11-01,-0.10797571,-0.11452005
P017,2017-12-01,-0.11851975,-0.1235773
P017,2018-01-01,-0.11851975,-0.1235773
P017,2018-02-01,-0.11851975,-0.1235773
P017,2018-03-01,-0.11851974,-0.12357729
P017,2018-04-01,-0.119325,-0.117705
P017,2018-05-01,-0.102325,-0.104705
P017,2018-06-01,-0.043525,-0.048205
P017,2018-07-01,0,0
P017,2018-08-01,0,0
P017,2018-09-01,-0.043525,-0.048205
P017,2018-10-01,-0.106625,-0.112405
P017,2018-11-01,-0.111825,-0.119105
P017,2018-12-01,-0.119025,-0.128605
P017,2019-01-01,-0.119025,-0.128605
P017,2019-02-01,-0.119025,-0.128605
P017,2019-03-01,-0.119025,-0.128605
P017,2019-04-01,-0.119325,-0.117705
P017,2019-05-01,-0.102325,-0.104705
P017,2019-06-01,-0.043525,-0.048205
P017,2019-07-01,0,0
P017,2019-08-01,0,0
P017,2019-09-01,-0.043525,-0.048205
P017,2019-10-01,-0.106625,-0.112405
P017,2019-11-01,-0.111825,-0.119105
P017,2019-12-01,-0.119025,-0.128605
P017,2020-01-01,-0.119025,-0.128605
P017,2020-02-01,-0.119025,-0.128605
P017,2020-03-01,-0.119025,-0.128605
P017,2020-04-01,-0.119325,-0.117705
P017,2020-05-01,-0.102325,-0.104705
P017,2020-06-01,-0.043525,-0.048205
P017,2020-07-01,0,0
P017,2020-08-01,0,0
P017,2020-09-01,-0.043525,-0.048205
P017,2020-10-01,-0.106625,-0.112405
P017,2020-11-01,-0.111825,-0.119105
P017,2020-12-01,-0.119025,-0.128605
P017,2021-01-01,-0.119025,-0.128605
P017,2021-02-01,-0.119025,-0.128605
P017,2021-03-01,-0.119025,-0.128605
P017,2021-04-01,-0.119325,-0.117705
P017,2021-05-01,-0.102325,-0.104705
P017,2021-06-01,-0.043525,-0.048205
P017,2021-07-01,0,0
P017,2021-08-01,0,0
P017,2021-09-01,-0.043525,-0.048205
P017,2021-10-01,-0.106625,-0.112405
P017,2021-11-01,-0.111825,-0.119105
P017,2021-12-01,-0.119025,-0.128605
P017,2022-01-01,-0.119025,-0.128605
P017,2022-02-01,-0.119025,-0.128605
P017,2022-03-01,-0.119025,-0.128605
P017,2022-04-01,-0.119325,-0.117705
P017,2022-05-01,-0.102325,-0.104705
P017,2022-06-01,-0.043525,-0.048205
P017,2022-07-01,0,0
P017,2022-08-01,0,0
P017,2022-09-01,-0.043525,-0.048205
P017,2022-10-01,-0.106625,-0.112405
P017,2022-11-01,-0.111825,-0.119105
P017,2022-12-01,-0.119025,-0.128605
P017,2023-01-01,-0.119025,-0.128605
P017,2023-02-01,-0.119025,-0.128605
P017,2023-03-01,-0.119025,-0.128605
P017,2023-04-01,-0.119325,-0.117705
P017,2023-05-01,-0.102325,-0.104705
P017,2023-06-01,-0.043525,-0.048205
P017,2023-07-01,0,0
P017,2023-08-01,0,0
P017,2023-09-01,-0.043525,-0.048205
P017,2023-10-01,-0.106625,-0.112405
P017,2023-11-01,-0.111825,-0.119105
P017,2023-12-01,-0.119025,-0.128605
P017,2024-01-01,-0.119025,-0.128605
P017,2024-02-01,-0.119025,-0.128605
P017,2024-03-01,-0.119025,-0.128605
P017,2024-04-01,-0.119325,-0.117705
P017,2024-05-01,-0.102325,-0.104705
P017,2024-06-01,-0.043525,-0.048205
P017,2024-07-01,0,0
P017,2024-08-01,0,0
P017,2024-09-01,-0.043525,-0.048205
P017,2024-10-01,-0.106625,-0.112405
P017,2024-11-01,-0.111825,-0.119105
P017,2024-12-01,-0.119025,-0.128605
P017,2025-01-01,-0.119025,-0.128605
P017,2025-02-01,-0.119025,-0.128605
P017,2025-03-01,-0.119025,-0.128605
P017,2025-04-01,-0.119325,-0.117705
P017,2025-05-01,-0.102325,-0.104705
P017,2025-06-01,-0.043525,-0.048205
P017,2025-07-01,0,0
P017,2025-08-01,0,0
P017,2025-09-01,-0.043525,-0.048205
P017,2025-10-01,-0.106625,-0.112405
P017,2025-11-01,-0.111825,-0.119105
P017,2025-12-01,-0.119025,-0.128605
P017,2026-01-01,-0.119025,-0.128605
P017,2026-02-01,-0.119025,-0.128605
P017,2026-03-01,-0.119025,-0.128605
P017,2026-04-01,-0.119325,-0.117705
P017,2026-05-01,-0.102325,-0.104705
P017,2026-06-01,-0.043525,-0.048205
P017,2026-07-01,0,0
P017,2026-08-01,0,0
P017,2026-09-01,-0.043525,-0.048205
P017,2026-10-01,-0.106625,-0.112405
P017,2026-11-01,-0.111825,-0.119105
P017,2026-12-01,-0.119025,-0.128605
P017,2027-01-01,-0.119025,-0.128605
P017,2027-02-01,-0.119025,-0.128605
P017,2027-03-01,-0.119025,-0.128605
P017,2027-04-01,-0.119325,-0.117705
P017,2027-05-01,-0.102325,-0.104705
P017,2027-06-01,-0.043525,-0.048205
P017,2027-07-01,0,0
P017,2027-08-01,0,0
P017,2027-09-01,-0.043525,-0.048205
P017,2027-10-01,-0.106625,-0.112405
P017,2027-11-01,-0.111825,-0.119105
P017,2027-12-01,-0.119025,-0.128605
P017,2028-01-01,-0.119025,-0.128605
P017,2028-02-01,-0.119025,-0.128605
P017,2028-03-01,-0.119025,-0.128605
P017,2028-04-01,-0.119325,-0.117705
P017,2028-05-01,-0.102325,-0.104705
P017,2028-06-01,-0.043525,-0.048205
P017,2028-07-01,0,0
P017,2028-08-01,0,0
P017,2028-09-01,-0.043525,-0.048205
P017,2028-10-01,-0.106625,-0.112405
P017,2028-11-01,-0.111825,-0.119105
P017,2028-12-01,-0.119025,-0.128605
P017,2029-01-01,-0.119025,-0.128605
P017,2029-02-01,-0.119025,-0.128605
P017,2029-03-01,-0.119025,-0.128605
P018,2016-04-01,-0.15656151,-0.17823089
P018,2016-05-01,-0.15656151,-0.17823089
P018,2016-06-01,-0.15656151,-0.17823089
P018,2016-07-01,-0.15656151,-0.17823089
P018,2016-08-01,-0.15656151,-0.17823089
P018,2016-09-01,-0.15656151,-0.17823089
P018,2016-10-01,-0.15656151,-0.17823089
P018,2016-11-01,-0.15656151,-0.17823089
P018,2016-12-01,-0.15656151,-0.17823089
P018,2017-01-01,-0.15656151,-0.17823089
P018,2017-02-01,-0.15656151,-0.17823089
P018,2017-03-01,-0.15656151,-0.17823089
P018,2017-04-01,-0.13061492,-0.1439207
P018,2017-05-01,-0.10780041,-0.11821098
P018,2017-06-01,-0.1078004,-0.07922569
P018,2017-07-01,0,0
P018,2017-08-01,0,0
P018,2017-09-01,-0.04188902,-0.04258033
P018,2017-10-01,-0.10430234,-0.12455831
P018,2017-11-01,-0.13259996,-0.14180637
P018,2017-12-01,-0.15089227,-0.16041553
P018,2018-01-01,-0.15089227,-0.16041553
P018,2018-02-01,-0.15089227,-0.16041553
P018,2018-03-01,-0.15089226,-0.16041552
P018,2018-04-01,-0.1423,-0.154
P018,2018-05-01,-0.11,-0.1206
P018,2018-06-01,-0.0396,-0.0443
P018,2018-07-01,0,0
P018,2018-08-01,0,0
P018,2018-09-01,-0.0396,-0.0443
P018,2018-10-01,-0.1196,-0.1369
P018,2018-11-01,-0.1342,-0.1516
P018,2018-12-01,-0.1493,-0.167
P018,2019-01-01,-0.1493,-0.167
P018,2019-02-01,-0.1493,-0.167
P018,2019-03-01,-0.1493,-0.167
P018,2019-04-01,-0.1423,-0.154
P018,2019-05-01,-0.11,-0.1206
P018,2019-06-01,-0.0396,-0.0443
P018,2019-07-01,0,0
P018,2019-08-01,0,0
P018,2019-09-01,-0.0396,-0.0443
P018,2019-10-01,-0.1196,-0.1369
P018,2019-11-01,-0.1342,-0.1516
P018,2019-12-01,-0.1493,-0.167
P018,2020-01-01,-0.1493,-0.167
P018,2020-02-01,-0.1493,-0.167
P018,2020-03-01,-0.1493,-0.167
P018,2020-04-01,-0.1423,-0.154
P018,2020-05-01,-0.11,-0.1206
P018,2020-06-01,-0.0396,-0.0443
P018,2020-07-01,0,0
P018,2020-08-01,0,0
P018,2020-09-01,-0.0396,-0.0443
P018,2020-10-01,-0.1196,-0.1369
P018,2020-11-01,-0.1342,-0.1516
P018,2020-12-01,-0.1493,-0.167
P018,2021-01-01,-0.1493,-0.167
P018,2021-02-01,-0.1493,-0.167
P018,2021-03-01,-0.1493,-0.167
P018,2021-04-01,-0.1423,-0.154
P018,2021-05-01,-0.11,-0.1206
P018,2021-06-01,-0.0396,-0.0443
P018,2021-07-01,0,0
P018,2021-08-01,0,0
P018,2021-09-01,-0.0396,-0.0443
P018,2021-10-01,-0.1196,-0.1369
P018,2021-11-01,-0.1342,-0.1516
P018,2021-12-01,-0.1493,-0.167
P018,2022-01-01,-0.1493,-0.167
P018,2022-02-01,-0.1493,-0.167
P018,2022-03-01,-0.1493,-0.167
P018,2022-04-01,-0.1423,-0.154
P018,2022-05-01,-0.11,-0.1206
P018,2022-06-01,-0.0396,-0.0443
P018,2022-07-01,0,0
P018,2022-08-01,0,0
P018,2022-09-01,-0.0396,-0.0443
P018,2022-10-01,-0.1196,-0.1369
P018,2022-11-01,-0.1342,-0.1516
P018,2022-12-01,-0.1493,-0.167
P018,2023-01-01,-0.1493,-0.167
P018,2023-02-01,-0.1493,-0.167
P018,2023-03-01,-0.1493,-0.167
P018,2023-04-01,-0.1423,-0.154
P018,2023-05-01,-0.11,-0.1206
P018,2023-06-01,-0.0396,-0.0443
P018,2023-07-01,0,0
P018,2023-08-01,0,0
P018,2023-09-01,-0.0396,-0.0443
P018,2023-10-01,-0.1196,-0.1369
P018,2023-11-01,-0.1342,-0.1516
P018,2023-12-01,-0.1493,-0.167
P018,2024-01-01,-0.1493,-0.167
P018,2024-02-01,-0.1493,-0.167
P018,2024-03-01,-0.1493,-0.167
P018,2024-04-01,-0.1423,-0.154
P018,2024-05-01,-0.11,-0.1206
P018,2024-06-01,-0.0396,-0.0443
P018,2024-07-01,0,0
P018,2024-08-01,0,0
P018,2024-09-01,-0.0396,-0.0443
P018,2024-10-01,-0.1196,-0.1369
P018,2024-11-01,-0.1342,-0.1516
P018,2024-12-01,-0.1493,-0.167
P018,2025-01-01,-0.1493,-0.167
P018,2025-02-01,-0.1493,-0.167
P018,2025-03-01,-0.1493,-0.167
P018,2025-04-01,-0.1423,-0.154
P018,2025-05-01,-0.11,-0.1206
P018,2025-06-01,-0.0396,-0.0443
P018,2025-07-01,0,0
P018,2025-08-01,0,0
P018,2025-09-01,-0.0396,-0.0443
P018,2025-10-01,-0.1196,-0.1369
P018,2025-11-01,-0.1342,-0.1516
P018,2025-12-01,-0.1493,-0.167
P018,2026-01-01,-0.1493,-0.167
P018,2026-02-01,-0.1493,-0.167
P018,2026-03-01,-0.1493,-0.167
P018,2026-04-01,-0.1423,-0.154
P018,2026-05-01,-0.11,-0.1206
P018,2026-06-01,-0.0396,-0.0443
P018,2026-07-01,0,0
P018,2026-08-01,0,0
P018,2026-09-01,-0.0396,-0.0443
P018,2026-10-01,-0.1196,-0.1369
P018,2026-11-01,-0.1342,-0.1516
P018,2026-12-01,-0.1493,-0.167
P018,2027-01-01,-0.1493,-0.167
P018,2027-02-01,-0.1493,-0.167
P018,2027-03-01,-0.1493,-0.167
P018,2027-04-01,-0.1423,-0.154
P018,2027-05-01,-0.11,-0.1206
P018,2027-06-01,-0.0396,-0.0443
P018,2027-07-01,0,0
P018,2027-08-01,0,0
P018,2027-09-01,-0.0396,-0.0443
P018,2027-10-01,-0.1196,-0.1369
P018,2027-11-01,-0.1342,-0.1516
P018,2027-12-01,-0.1493,-0.167
P018,2028-01-01,-0.1493,-0.167
P018,2028-02-01,-0.1493,-0.167
P018,2028-03-01,-0.1493,-0.167
P018,2028-04-01,-0.1423,-0.154
P018,2028-05-01,-0.11,-0.1206
P018,2028-06-01,-0.0396,-0.0443
P018,2028-07-01,0,0
P018,2028-08-01,0,0
P018,2028-09-01,-0.0396,-0.0443
P018,2028-10-01,-0.1196,-0.1369
P018,2028-11-01,-0.1342,-0.1516
P018,2028-12-01,-0.1493,-0.167
P018,2029-01-01,-0.1493,-0.167
P018,2029-02-01,-0.1493,-0.167
P018,2029-03-01,-0.1493,-0.167
P019,2016-04-01,-0.16019832,-0.20264086
P019,2016-05-01,-0.16019832,-0.20264086
P019,2016-06-01,-0.16019832,-0.20264086
P019,2016-07-01,-0.16019832,-0.20264086
P019,2016-08-01,-0.16019832,-0.20264086
P019,2016-09-01,-0.16019832,-0.20264086
P019,2016-10-01,-0.16019832,-0.20264086
P019,2016-11-01,-0.16019832,-0.20264086
P019,2016-12-01,-0.16019832,-0.20264086
P019,2017-01-01,-0.16019832,-0.20264086
P019,2017-02-01,-0.16019832,-0.20264086
P019,2017-03-01,-0.16019832,-0.20264086
P019,2017-04-01,-0.12183243,-0.1408744
P019,2017-05-01,-0.05784203,-0.06553775
P019,2017-06-01,-0.05784202,-0.03274128
P019,2017-07-01,0,0
P019,2017-08-01,0,0
P019,2017-09-01,-0.01039234,-0.01380358
P019,2017-10-01,-0.08057892,-0.1202609
P019,2017-11-01,-0.13981726,-0.18178866
P019,2017-12-01,-0.18126056,-0.20960761
P019,2018-01-01,-0.18126056,-0.20960761
P019,2018-02-01,-0.18126056,-0.20960761
P019,2018-03-01,-0.16721471,-0.20467864
P019,2018-04-01,-0.147125,-0.16571
P019,2018-05-01,-0.080125,-0.08391
P019,2018-06-01,-0.009125,-0.02181
P019,2018-07-01,0,0
P019,2018-08-01,0,0
P019,2018-09-01,-0.009125,-0.02181
P019,2018-10-01,-0.101625,-0.13521
P019,2018-11-01,-0.147425,-0.19071
P019,2018-12-01,-0.182325,-0.21721
P019,2019-01-01,-0.182325,-0.21721
P019,2019-02-01,-0.182325,-0.21721
P019,2019-03-01,-0.182325,-0.21721
P019,2019-04-01,-0.147125,-0.16571
P019,2019-05-01,-0.080125,-0.08391
P019,2019-06-01,-0.009125,-0.02181
P019,2019-07-01,0,0
P019,2019-08-01,0,0
P019,2019-09-01,-0.009125,-0.02181
P019,2019-10-01,-0.101625,-0.13521
P019,2019-11-01,-0.147425,-0.19071
P019,2019-12-01,-0.182325,-0.21721
P019,2020-01-01,-0.182325,-0.21721
P019,2020-02-01,-0.182325,-0.21721
P019,2020-03-01,-0.182325,-0.21721
P019,2020-04-01,-0.147125,-0.16571
P019,2020-05-01,-0.080125,-0.08391
P019,2020-06-01,-0.009125,-0.02181
P019,2020-07-01,0,0
P019,2020-08-01,0,0
P019,2020-09-01,-0.009125,-0.02181
P019,2020-10-01,-0.101625,-0.13521
P019,2020-11-01,-0.147425,-0.19071
P019,2020-12-01,-0.182325,-0.21721
P019,2021-01-01,-0.182325,-0.21721
P019,2021-02-01,-0.182325,-0.21721
P019,2021-03-01,-0.182325,-0.21721
P019,2021-04-01,-0.147125,-0.16571
P019,2021-05-01,-0.080125,-0.08391
P019,2021-06-01,-0.009125,-0.02181
P019,2021-07-01,0,0
P019,2021-08-01,0,0
P019,2021-09-01,-0.009125,-0.02181
P019,2021-10-01,-0.101625,-0.13521
P019,2021-11-01,-0.147425,-0.19071
P019,2021-12-01,-0.182325,-0.21721
P019,2022-01-01,-0.182325,-0.21721
P019,2022-02-01,-0.182325,-0.21721
P019,2022-03-01,-0.182325,-0.21721
P019,2022-04-01,-0.147125,-0.16571
P019,2022-05-01,-0.080125,-0.08391
P019,2022-06-01,-0.009125,-0.02181
P019,2022-07-01,0,0
P019,2022-08-01,0,0
P019,2022-09-01,-0.009125,-0.02181
P019,2022-10-01,-0.101625,-0.13521
P019,2022-11-01,-0.147425,-0.19071
P019,2022-12-01,-0.182325,-0.21721
P019,2023-01-01,-0.182325,-0.21721
P019,2023-02-01,-0.182325,-0.21721
P019,2023-03-01,-0.182325,-0.21721
P019,2023-04-01,-0.147125,-0.16571
P019,2023-05-01,-0.080125,-0.08391
P019,2023-06-01,-0.009125,-0.02181
P019,2023-07-01,0,0
P019,2023-08-01,0,0
P019,2023-09-01,-0.009125,-0.02181
P019,2023-10-01,-0.101625,-0.13521
P019,2023-11-01,-0.147425,-0.19071
P019,2023-12-01,-0.182325,-0.21721
P019,2024-01-01,-0.182325,-0.21721
P019,2024-02-01,-0.182325,-0.21721
P019,2024-03-01,-0.182325,-0.21721
P019,2024-04-01,-0.147125,-0.16571
P019,2024-05-01,-0.080125,-0.08391
P019,2024-06-01,-0.009125,-0.02181
P019,2024-07-01,0,0
P019,2024-08-01,0,0
P019,2024-09-01,-0.009125,-0.02181
P019,2024-10-01,-0.101625,-0.13521
P019,2024-11-01,-0.147425,-0.19071
P019,2024-12-01,-0.182325,-0.21721
P019,2025-01-01,-0.182325,-0.21721
P019,2025-02-01,-0.182325,-0.21721
P019,2025-03-01,-0.182325,-0.21721
P019,2025-04-01,-0.147125,-0.16571
P019,2025-05-01,-0.080125,-0.08391
P019,2025-06-01,-0.009125,-0.02181
P019,2025-07-01,0,0
P019,2025-08-01,0,0
P019,2025-09-01,-0.009125,-0.02181
P019,2025-10-01,-0.101625,-0.13521
P019,2025-11-01,-0.147425,-0.19071
P019,2025-12-01,-0.182325,-0.21721
P019,2026-01-01,-0.182325,-0.21721
P019,2026-02-01,-0.182325,-0.21721
P019,2026-03-01,-0.182325,-0.21721
P019,2026-04-01,-0.147125,-0.16571
P019,2026-05-01,-0.080125,-0.08391
P019,2026-06-01,-0.009125,-0.02181
P019,2026-07-01,0,0
P019,2026-08-01,0,0
P019,2026-09-01,-0.009125,-0.02181
P019,2026-10-01,-0.101625,-0.13521
P019,2026-11-01,-0.147425,-0.19071
P019,2026-12-01,-0.182325,-0.21721
P019,2027-01-01,-0.182325,-0.21721
P019,2027-02-01,-0.182325,-0.21721
P019,2027-03-01,-0.182325,-0.21721
P019,2027-04-01,-0.147125,-0.16571
P019,2027-05-01,-0.080125,-0.08391
P019,2027-06-01,-0.009125,-0.02181
P019,2027-07-01,0,0
P019,2027-08-01,0,0
P019,2027-09-01,-0.009125,-0.02181
P019,2027-10-01,-0.101625,-0.13521
P019,2027-11-01,-0.147425,-0.19071
P019,2027-12-01,-0.182325,-0.21721
P019,2028-01-01,-0.182325,-0.21721
P019,2028-02-01,-0.182325,-0.21721
P019,2028-03-01,-0.182325,-0.21721
P019,2028-04-01,-0.147125,-0.16571
P019,2028-05-01,-0.080125,-0.08391
P019,2028-06-01,-0.009125,-0.02181
P019,2028-07-01,0,0
P019,2028-08-01,0,0
P019,2028-09-01,-0.009125,-0.02181
P019,2028-10-01,-0.101625,-0.13521
P019,2028-11-01,-0.147425,-0.19071
P019,2028-12-01,-0.182325,-0.21721
P019,2029-01-01,-0.182325,-0.21721
P019,2029-02-01,-0.182325,-0.21721
P019,2029-03-01,-0.182325,-0.21721
