date,temp_ref
2016-04-01,10.05
2016-04-02,10.18
2016-04-03,10.3
2016-04-04,10.43
2016-04-05,10.56
2016-04-06,10.69
2016-04-07,10.82
2016-04-08,10.96
2016-04-09,11.09
2016-04-10,11.22
2016-04-11,11.36
2016-04-12,11.49
2016-04-13,11.63
2016-04-14,11.77
2016-04-15,11.9
2016-04-16,12.03
2016-04-17,12.18
2016-04-18,12.31
2016-04-19,12.46
2016-04-20,12.59
2016-04-21,12.73
2016-04-22,12.86
2016-04-23,13
2016-04-24,13.13
2016-04-25,13.26
2016-04-26,13.4
2016-04-27,13.53
2016-04-28,13.66
2016-04-29,13.79
2016-04-30,13.92
2016-05-01,14.06
2016-05-02,14.18
2016-05-03,14.3
2016-05-04,14.43
2016-05-05,14.56
2016-05-06,14.68
2016-05-07,14.8
2016-05-08,14.92
2016-05-09,15.03
2016-05-10,15.15
2016-05-11,15.27
2016-05-12,15.38
2016-05-13,15.5
2016-05-14,15.61
2016-05-15,15.72
2016-05-16,15.84
2016-05-17,15.95
2016-05-18,16.06
2016-05-19,16.16
2016-05-20,16.27
2016-05-21,16.36
2016-05-22,16.47
2016-05-23,16.57
2016-05-24,16.67
2016-05-25,16.77
2016-05-26,16.87
2016-05-27,16.97
2016-05-28,17.07
2016-05-29,17.16
2016-05-30,17.26
2016-05-31,17.36
2016-06-01,17.46
2016-06-02,17.55
2016-06-03,17.64
2016-06-04,17.74
2016-06-05,17.83
2016-06-06,17.92
2016-06-07,18.02
2016-06-08,18.11
2016-06-09,18.19
2016-06-10,18.29
2016-06-11,18.38
2016-06-12,18.47
2016-06-13,18.56
2016-06-14,18.65
2016-06-15,18.74
2016-06-16,18.83
2016-06-17,18.92
2016-06-18,19
2016-06-19,19.1
2016-06-20,19.18
2016-06-21,19.26
2016-06-22,19.35
2016-06-23,19.43
2016-06-24,19.52
2016-06-25,19.6
2016-06-26,19.68
2016-06-27,19.76
2016-06-28,19.85
2016-06-29,19.93
2016-06-30,20.01
2016-07-01,20.08
2016-07-02,20.16
2016-07-03,20.23
2016-07-04,20.3
2016-07-05,20.37
2016-07-06,20.44
2016-07-07,20.5
2016-07-08,20.57
2016-07-09,20.63
2016-07-10,20.69
2016-07-11,20.75
2016-07-12,20.79
2016-07-13,20.85
2016-07-14,20.89
2016-07-15,20.94
2016-07-16,20.98
2016-07-17,21.02
2016-07-18,21.04
2016-07-19,21.08
2016-07-20,21.11
2016-07-21,21.13
2016-07-22,21.15
2016-07-23,21.17
2016-07-24,21.17
2016-07-25,21.19
2016-07-26,21.19
2016-07-27,21.19
2016-07-28,21.18
2016-07-29,21.18
2016-07-30,21.16
2016-07-31,21.15
2016-08-01,21.13
2016-08-02,21.1
2016-08-03,21.08
2016-08-04,21.04
2016-08-05,21
2016-08-06,20.95
2016-08-07,20.92
2016-08-08,20.86
2016-08-09,20.81
2016-08-10,20.74
2016-08-11,20.69
2016-08-12,20.61
2016-08-13,20.55
2016-08-14,20.47
2016-08-15,20.39
2016-08-16,20.32
2016-08-17,20.23
2016-08-18,20.14
2016-08-19,20.05
2016-08-20,19.95
2016-08-21,19.86
2016-08-22,19.77
2016-08-23,19.66
2016-08-24,19.55
2016-08-25,19.44
2016-08-26,19.33
2016-08-27,19.22
2016-08-28,19.11
2016-08-29,18.99
2016-08-30,18.87
2016-08-31,18.75
2016-09-01,18.63
2016-09-02,18.51
2016-09-03,18.38
2016-09-04,18.25
2016-09-05,18.12
2016-09-06,18
2016-09-07,17.87
2016-09-08,17.75
2016-09-09,17.61
2016-09-10,17.48
2016-09-11,17.35
2016-09-12,17.23
2016-09-13,17.09
2016-09-14,16.96
2016-09-15,16.82
2016-09-16,16.7
2016-09-17,16.57
2016-09-18,16.43
2016-09-19,16.3
2016-09-20,16.17
2016-09-21,16.04
2016-09-22,15.91
2016-09-23,15.78
2016-09-24,15.64
2016-09-25,15.52
2016-09-26,15.38
2016-09-27,15.26
2016-09-28,15.12
2016-09-29,15
2016-09-30,14.87
2016-10-01,14.73
2016-10-02,14.61
2016-10-03,14.47
2016-10-04,14.34
2016-10-05,14.22
2016-10-06,14.09
2016-10-07,13.96
2016-10-08,13.83
2016-10-09,13.7
2016-10-10,13.57
2016-10-11,13.44
2016-10-12,13.31
2016-10-13,13.18
2016-10-14,13.05
2016-10-15,12.91
2016-10-16,12.78
2016-10-17,12.65
2016-10-18,12.52
2016-10-19,12.38
2016-10-20,12.25
2016-10-21,12.11
2016-10-22,11.97
2016-10-23,11.83
2016-10-24,11.7
2016-10-25,11.56
2016-10-26,11.42
2016-10-27,11.28
2016-10-28,11.14
2016-10-29,11
2016-10-30,10.86
2016-10-31,10.71
2016-11-01,10.56
2016-11-02,10.42
2016-11-03,10.28
2016-11-04,10.13
2016-11-05,9.98
2016-11-06,9.84
2016-11-07,9.69
2016-11-08,9.54
2016-11-09,9.39
2016-11-10,9.25
2016-11-11,9.1
2016-11-12,8.95
2016-11-13,8.81
2016-11-14,8.65
2016-11-15,8.5
2016-11-16,8.37
2016-11-17,8.22
2016-11-18,8.08
2016-11-19,7.92
2016-11-20,7.79
2016-11-21,7.65
2016-11-22,7.51
2016-11-23,7.36
2016-11-24,7.23
2016-11-25,7.1
2016-11-26,6.96
2016-11-27,6.83
2016-11-28,6.7
2016-11-29,6.58
2016-11-30,6.46
2016-12-01,6.34
2016-12-02,6.22
2016-12-03,6.1
2016-12-04,5.99
2016-12-05,5.87
2016-12-06,5.77
2016-12-07,5.67
2016-12-08,5.57
2016-12-09,5.48
2016-12-10,5.38
2016-12-11,5.3
2016-12-12,5.21
2016-12-13,5.13
2016-12-14,5.05
2016-12-15,4.98
2016-12-16,4.91
2016-12-17,4.84
2016-12-18,4.79
2016-12-19,4.73
2016-12-20,4.68
2016-12-21,4.63
2016-12-22,4.58
2016-12-23,4.55
2016-12-24,4.52
2016-12-25,4.48
2016-12-26,4.45
2016-12-27,4.42
2016-12-28,4.41
2016-12-29,4.39
2016-12-30,4.39
2016-12-31,4.38
2017-01-01,4.37
2017-01-02,4.37
2017-01-03,4.37
2017-01-04,4.38
2017-01-05,4.38
2017-01-06,4.39
2017-01-07,4.41
2017-01-08,4.43
2017-01-09,4.45
2017-01-10,4.47
2017-01-11,4.5
2017-01-12,4.52
2017-01-13,4.56
2017-01-14,4.59
2017-01-15,4.62
2017-01-16,4.66
2017-01-17,4.7
2017-01-18,4.74
2017-01-19,4.79
2017-01-20,4.82
2017-01-21,4.87
2017-01-22,4.92
2017-01-23,4.97
2017-01-24,5.01
2017-01-25,5.06
2017-01-26,5.11
2017-01-27,5.16
2017-01-28,5.21
2017-01-29,5.27
2017-01-30,5.31
2017-01-31,5.37
2017-02-01,5.43
2017-02-02,5.47
2017-02-03,5.53
2017-02-04,5.58
2017-02-05,5.63
2017-02-06,5.7
2017-02-07,5.75
2017-02-08,5.8
2017-02-09,5.86
2017-02-10,5.92
2017-02-11,5.97
2017-02-12,6.03
2017-02-13,6.09
2017-02-14,6.14
2017-02-15,6.2
2017-02-16,6.26
2017-02-17,6.31
2017-02-18,6.37
2017-02-19,6.44
2017-02-20,6.49
2017-02-21,6.55
2017-02-22,6.62
2017-02-23,6.68
2017-02-24,6.74
2017-02-25,6.8
2017-02-26,6.87
2017-02-27,6.93
2017-02-28,7
2017-03-01,7.07
2017-03-02,7.14
2017-03-03,7.21
2017-03-04,7.28
2017-03-05,7.35
2017-03-06,7.44
2017-03-07,7.5
2017-03-08,7.59
2017-03-09,7.66
2017-03-10,7.75
2017-03-11,7.83
2017-03-12,7.91
2017-03-13,8
2017-03-14,8.1
2017-03-15,8.18
2017-03-16,8.28
2017-03-17,8.37
2017-03-18,8.47
2017-03-19,8.57
2017-03-20,8.68
2017-03-21,8.78
2017-03-22,8.88
2017-03-23,8.99
2017-03-24,9.1
2017-03-25,9.22
2017-03-26,9.33
2017-03-27,9.44
2017-03-28,9.56
2017-03-29,9.68
2017-03-30,9.8
2017-03-31,9.92
2017-04-01,10.05
2017-04-02,10.18
2017-04-03,10.3
2017-04-04,10.43
2017-04-05,10.56
2017-04-06,10.69
2017-04-07,10.82
2017-04-08,10.96
2017-04-09,11.09
2017-04-10,11.22
2017-04-11,11.36
2017-04-12,11.49
2017-04-13,11.63
2017-04-14,11.77
2017-04-15,11.9
2017-04-16,12.03
2017-04-17,12.18
2017-04-18,12.31
2017-04-19,12.46
2017-04-20,12.59
2017-04-21,12.73
2017-04-22,12.86
2017-04-23,13
2017-04-24,13.13
2017-04-25,13.26
2017-04-26,13.4
2017-04-27,13.53
2017-04-28,13.66
2017-04-29,13.79
2017-04-30,13.92
2017-05-01,14.06
2017-05-02,14.18
2017-05-03,14.3
2017-05-04,14.43
2017-05-05,14.56
2017-05-06,14.68
2017-05-07,14.8
2017-05-08,14.92
2017-05-09,15.03
2017-05-10,15.15
2017-05-11,15.27
2017-05-12,15.38
2017-05-13,15.5
2017-05-14,15.61
2017-05-15,15.72
2017-05-16,15.84
2017-05-17,15.95
2017-05-18,16.06
2017-05-19,16.16
2017-05-20,16.27
2017-05-21,16.36
2017-05-22,16.47
2017-05-23,16.57
2017-05-24,16.67
2017-05-25,16.77
2017-05-26,16.87
2017-05-27,16.97
2017-05-28,17.07
2017-05-29,17.16
2017-05-30,17.26
2017-05-31,17.36
2017-06-01,17.46
2017-06-02,17.55
2017-06-03,17.64
2017-06-04,17.74
2017-06-05,17.83
2017-06-06,17.92
2017-06-07,18.02
2017-06-08,18.11
2017-06-09,18.19
2017-06-10,18.29
2017-06-11,18.38
2017-06-12,18.47
2017-06-13,18.56
2017-06-14,18.65
2017-06-15,18.74
2017-06-16,18.83
2017-06-17,18.92
2017-06-18,19
2017-06-19,19.1
2017-06-20,19.18
2017-06-21,19.26
2017-06-22,19.35
2017-06-23,19.43
2017-06-24,19.52
2017-06-25,19.6
2017-06-26,19.68
2017-06-27,19.76
2017-06-28,19.85
2017-06-29,19.93
2017-06-30,20.01
2017-07-01,20.08
2017-07-02,20.16
2017-07-03,20.23
2017-07-04,20.3
2017-07-05,20.37
2017-07-06,20.44
2017-07-07,20.5
2017-07-08,20.57
2017-07-09,20.63
2017-07-10,20.69
2017-07-11,20.75
2017-07-12,20.79
2017-07-13,20.85
2017-07-14,20.89
2017-07-15,20.94
2017-07-16,20.98
2017-07-17,21.02
2017-07-18,21.04
2017-07-19,21.08
2017-07-20,21.11
2017-07-21,21.13
2017-07-22,21.15
2017-07-23,21.17
2017-07-24,21.17
2017-07-25,21.19
2017-07-26,21.19
2017-07-27,21.19
2017-07-28,21.18
2017-07-29,21.18
2017-07-30,21.16
2017-07-31,21.15
2017-08-01,21.13
2017-08-02,21.1
2017-08-03,21.08
2017-08-04,21.04
2017-08-05,21
2017-08-06,20.95
2017-08-07,20.92
2017-08-08,20.86
2017-08-09,20.81
2017-08-10,20.74
2017-08-11,20.69
2017-08-12,20.61
2017-08-13,20.55
2017-08-14,20.47
2017-08-15,20.39
2017-08-16,20.32
2017-08-17,20.23
2017-08-18,20.14
2017-08-19,20.05
2017-08-20,19.95
2017-08-21,19.86
2017-08-22,19.77
2017-08-23,19.66
2017-08-24,19.55
2017-08-25,19.44
2017-08-26,19.33
2017-08-27,19.22
2017-08-28,19.11
2017-08-29,18.99
2017-08-30,18.87
2017-08-31,18.75
2017-09-01,18.63
2017-09-02,18.51
2017-09-03,18.38
2017-09-04,18.25
2017-09-05,18.12
2017-09-06,18
2017-09-07,17.87
2017-09-08,17.75
2017-09-09,17.61
2017-09-10,17.48
2017-09-11,17.35
2017-09-12,17.23
2017-09-13,17.09
2017-09-14,16.96
2017-09-15,16.82
2017-09-16,16.7
2017-09-17,16.57
2017-09-18,16.43
2017-09-19,16.3
2017-09-20,16.17
2017-09-21,16.04
2017-09-22,15.91
2017-09-23,15.78
2017-09-24,15.64
2017-09-25,15.52
2017-09-26,15.38
2017-09-27,15.26
2017-09-28,15.12
2017-09-29,15
2017-09-30,14.87
2017-10-01,14.73
2017-10-02,14.61
2017-10-03,14.47
2017-10-04,14.34
2017-10-05,14.22
2017-10-06,14.09
2017-10-07,13.96
2017-10-08,13.83
2017-10-09,13.7
2017-10-10,13.57
2017-10-11,13.44
2017-10-12,13.31
2017-10-13,13.18
2017-10-14,13.05
2017-10-15,12.91
2017-10-16,12.78
2017-10-17,12.65
2017-10-18,12.52
2017-10-19,12.38
2017-10-20,12.25
2017-10-21,12.11
2017-10-22,11.97
2017-10-23,11.83
2017-10-24,11.7
2017-10-25,11.56
2017-10-26,11.42
2017-10-27,11.28
2017-10-28,11.14
2017-10-29,11
2017-10-30,10.86
2017-10-31,10.71
2017-11-01,10.56
2017-11-02,10.42
2017-11-03,10.28
2017-11-04,10.13
2017-11-05,9.98
2017-11-06,9.84
2017-11-07,9.69
2017-11-08,9.54
2017-11-09,9.39
2017-11-10,9.25
2017-11-11,9.1
2017-11-12,8.95
2017-11-13,8.81
2017-11-14,8.65
2017-11-15,8.5
2017-11-16,8.37
2017-11-17,8.22
2017-11-18,8.08
2017-11-19,7.92
2017-11-20,7.79
2017-11-21,7.65
2017-11-22,7.51
2017-11-23,7.36
2017-11-24,7.23
2017-11-25,7.1
2017-11-26,6.96
2017-11-27,6.83
2017-11-28,6.7
2017-11-29,6.58
2017-11-30,6.46
2017-12-01,6.34
2017-12-02,6.22
2017-12-03,6.1
2017-12-04,5.99
2017-12-05,5.87
2017-12-06,5.77
2017-12-07,5.67
2017-12-08,5.57
2017-12-09,5.48
2017-12-10,5.38
2017-12-11,5.3
2017-12-12,5.21
2017-12-13,5.13
2017-12-14,5.05
2017-12-15,4.98
2017-12-16,4.91
2017-12-17,4.84
2017-12-18,4.79
2017-12-19,4.73
2017-12-20,4.68
2017-12-21,4.63
2017-12-22,4.58
2017-12-23,4.55
2017-12-24,4.52
2017-12-25,4.48
2017-12-26,4.45
2017-12-27,4.42
2017-12-28,4.41
2017-12-29,4.39
2017-12-30,4.39
2017-12-31,4.38
2018-01-01,4.37
2018-01-02,4.37
2018-01-03,4.37
2018-01-04,4.38
2018-01-05,4.38
2018-01-06,4.39
2018-01-07,4.41
2018-01-08,4.43
2018-01-09,4.45
2018-01-10,4.47
2018-01-11,4.5
2018-01-12,4.52
2018-01-13,4.56
2018-01-14,4.59
2018-01-15,4.62
2018-01-16,4.66
2018-01-17,4.7
2018-01-18,4.74
2018-01-19,4.79
2018-01-20,4.82
2018-01-21,4.87
2018-01-22,4.92
2018-01-23,4.97
2018-01-24,5.01
2018-01-25,5.06
2018-01-26,5.11
2018-01-27,5.16
2018-01-28,5.21
2018-01-29,5.27
2018-01-30,5.31
2018-01-31,5.37
2018-02-01,5.43
2018-02-02,5.47
2018-02-03,5.53
2018-02-04,5.58
2018-02-05,5.63
2018-02-06,5.7
2018-02-07,5.75
2018-02-08,5.8
2018-02-09,5.86
2018-02-10,5.92
2018-02-11,5.97
2018-02-12,6.03
2018-02-13,6.09
2018-02-14,6.14
2018-02-15,6.2
2018-02-16,6.26
2018-02-17,6.31
2018-02-18,6.37
2018-02-19,6.44
2018-02-20,6.49
2018-02-21,6.55
2018-02-22,6.62
2018-02-23,6.68
2018-02-24,6.74
2018-02-25,6.8
2018-02-26,6.87
2018-02-27,6.93
2018-02-28,7
2018-03-01,7.07
2018-03-02,7.14
2018-03-03,7.21
2018-03-04,7.28
2018-03-05,7.35
2018-03-06,7.44
2018-03-07,7.5
2018-03-08,7.59
2018-03-09,7.66
2018-03-10,7.75
2018-03-11,7.83
2018-03-12,7.91
2018-03-13,8
2018-03-14,8.1
2018-03-15,8.18
2018-03-16,8.28
2018-03-17,8.37
2018-03-18,8.47
2018-03-19,8.57
2018-03-20,8.68
2018-03-21,8.78
2018-03-22,8.88
2018-03-23,8.99
2018-03-24,9.1
2018-03-25,9.22
2018-03-26,9.33
2018-03-27,9.44
2018-03-28,9.56
2018-03-29,9.68
2018-03-30,9.8
2018-03-31,9.92
2018-04-01,10.05
2018-04-02,10.18
2018-04-03,10.3
2018-04-04,10.43
2018-04-05,10.56
2018-04-06,10.69
2018-04-07,10.82
2018-04-08,10.96
2018-04-09,11.09
2018-04-10,11.22
2018-04-11,11.36
2018-04-12,11.49
2018-04-13,11.63
2018-04-14,11.77
2018-04-15,11.9
2018-04-16,12.03
2018-04-17,12.18
2018-04-18,12.31
2018-04-19,12.46
2018-04-20,12.59
2018-04-21,12.73
2018-04-22,12.86
2018-04-23,13
2018-04-24,13.13
2018-04-25,13.26
2018-04-26,13.4
2018-04-27,13.53
2018-04-28,13.66
2018-04-29,13.79
2018-04-30,13.92
2018-05-01,14.06
2018-05-02,14.18
2018-05-03,14.3
2018-05-04,14.43
2018-05-05,14.56
2018-05-06,14.68
2018-05-07,14.8
2018-05-08,14.92
2018-05-09,15.03
2018-05-10,15.15
2018-05-11,15.27
2018-05-12,15.38
2018-05-13,15.5
2018-05-14,15.61
2018-05-15,15.72
2018-05-16,15.84
2018-05-17,15.95
2018-05-18,16.06
2018-05-19,16.16
2018-05-20,16.27
2018-05-21,16.36
2018-05-22,16.47
2018-05-23,16.57
2018-05-24,16.67
2018-05-25,16.77
2018-05-26,16.87
2018-05-27,16.97
2018-05-28,17.07
2018-05-29,17.16
2018-05-30,17.26
2018-05-31,17.36
2018-06-01,17.46
2018-06-02,17.55
2018-06-03,17.64
2018-06-04,17.74
2018-06-05,17.83
2018-06-06,17.92
2018-06-07,18.02
2018-06-08,18.11
2018-06-09,18.19
2018-06-10,18.29
2018-06-11,18.38
2018-06-12,18.47
2018-06-13,18.56
2018-06-14,18.65
2018-06-15,18.74
2018-06-16,18.83
2018-06-17,18.92
2018-06-18,19
2018-06-19,19.1
2018-06-20,19.18
2018-06-21,19.26
2018-06-22,19.35
2018-06-23,19.43
2018-06-24,19.52
2018-06-25,19.6
2018-06-26,19.68
2018-06-27,19.76
2018-06-28,19.85
2018-06-29,19.93
2018-06-30,20.01
2018-07-01,20.08
2018-07-02,20.16
2018-07-03,20.23
2018-07-04,20.3
2018-07-05,20.37
2018-07-06,20.44
2018-07-07,20.5
2018-07-08,20.57
2018-07-09,20.63
2018-07-10,20.69
2018-07-11,20.75
2018-07-12,20.79
2018-07-13,20.85
2018-07-14,20.89
2018-07-15,20.94
2018-07-16,20.98
2018-07-17,21.02
2018-07-18,21.04
2018-07-19,21.08
2018-07-20,21.11
2018-07-21,21.13
2018-07-22,21.15
2018-07-23,21.17
2018-07-24,21.17
2018-07-25,21.19
2018-07-26,21.19
2018-07-27,21.19
2018-07-28,21.18
2018-07-29,21.18
2018-07-30,21.16
2018-07-31,21.15
2018-08-01,21.13
2018-08-02,21.1
2018-08-03,21.08
2018-08-04,21.04
2018-08-05,21
2018-08-06,20.95
2018-08-07,20.92
2018-08-08,20.86
2018-08-09,20.81
2018-08-10,20.74
2018-08-11,20.69
2018-08-12,20.61
2018-08-13,20.55
2018-08-14,20.47
2018-08-15,20.39
2018-08-16,20.32
2018-08-17,20.23
2018-08-18,20.14
2018-08-19,20.05
2018-08-20,19.95
2018-08-21,19.86
2018-08-22,19.77
2018-08-23,19.66
2018-08-24,19.55
2018-08-25,19.44
2018-08-26,19.33
2018-08-27,19.22
2018-08-28,19.11
2018-08-29,18.99
2018-08-30,18.87
2018-08-31,18.75
2018-09-01,18.63
2018-09-02,18.51
2018-09-03,18.38
2018-09-04,18.25
2018-09-05,18.12
2018-09-06,18
2018-09-07,17.87
2018-09-08,17.75
2018-09-09,17.61
2018-09-10,17.48
2018-09-11,17.35
2018-09-12,17.23
2018-09-13,17.09
2018-09-14,16.96
2018-09-15,16.82
2018-09-16,16.7
2018-09-17,16.57
2018-09-18,16.43
2018-09-19,16.3
2018-09-20,16.17
2018-09-21,16.04
2018-09-22,15.91
2018-09-23,15.78
2018-09-24,15.64
2018-09-25,15.52
2018-09-26,15.38
2018-09-27,15.26
2018-09-28,15.12
2018-09-29,15
2018-09-30,14.87
2018-10-01,14.73
2018-10-02,14.61
2018-10-03,14.47
2018-10-04,14.34
2018-10-05,14.22
2018-10-06,14.09
2018-10-07,13.96
2018-10-08,13.83
2018-10-09,13.7
2018-10-10,13.57
2018-10-11,13.44
2018-10-12,13.31
2018-10-13,13.18
2018-10-14,13.05
2018-10-15,12.91
2018-10-16,12.78
2018-10-17,12.65
2018-10-18,12.52
2018-10-19,12.38
2018-10-20,12.25
2018-10-21,12.11
2018-10-22,11.97
2018-10-23,11.83
2018-10-24,11.7
2018-10-25,11.56
2018-10-26,11.42
2018-10-27,11.28
2018-10-28,11.14
2018-10-29,11
2018-10-30,10.86
2018-10-31,10.71
2018-11-01,10.56
2018-11-02,10.42
2018-11-03,10.28
2018-11-04,10.13
2018-11-05,9.98
2018-11-06,9.84
2018-11-07,9.69
2018-11-08,9.54
2018-11-09,9.39
2018-11-10,9.25
2018-11-11,9.1
2018-11-12,8.95
2018-11-13,8.81
2018-11-14,8.65
2018-11-15,8.5
2018-11-16,8.37
2018-11-17,8.22
2018-11-18,8.08
2018-11-19,7.92
2018-11-20,7.79
2018-11-21,7.65
2018-11-22,7.51
2018-11-23,7.36
2018-11-24,7.23
2018-11-25,7.1
2018-11-26,6.96
2018-11-27,6.83
2018-11-28,6.7
2018-11-29,6.58
2018-11-30,6.46
2018-12-01,6.34
2018-12-02,6.22
2018-12-03,6.1
2018-12-04,5.99
2018-12-05,5.87
2018-12-06,5.77
2018-12-07,5.67
2018-12-08,5.57
2018-12-09,5.48
2018-12-10,5.38
2018-12-11,5.3
2018-12-12,5.21
2018-12-13,5.13
2018-12-14,5.05
2018-12-15,4.98
2018-12-16,4.91
2018-12-17,4.84
2018-12-18,4.79
2018-12-19,4.73
2018-12-20,4.68
2018-12-21,4.63
2018-12-22,4.58
2018-12-23,4.55
2018-12-24,4.52
2018-12-25,4.48
2018-12-26,4.45
2018-12-27,4.42
2018-12-28,4.41
2018-12-29,4.39
2018-12-30,4.39
2018-12-31,4.38
2019-01-01,4.37
2019-01-02,4.37
2019-01-03,4.37
2019-01-04,4.38
2019-01-05,4.38
2019-01-06,4.39
2019-01-07,4.41
2019-01-08,4.43
2019-01-09,4.45
2019-01-10,4.47
2019-01-11,4.5
2019-01-12,4.52
2019-01-13,4.56
2019-01-14,4.59
2019-01-15,4.62
2019-01-16,4.66
2019-01-17,4.7
2019-01-18,4.74
2019-01-19,4.79
2019-01-20,4.82
2019-01-21,4.87
2019-01-22,4.92
2019-01-23,4.97
2019-01-24,5.01
2019-01-25,5.06
2019-01-26,5.11
2019-01-27,5.16
2019-01-28,5.21
2019-01-29,5.27
2019-01-30,5.31
2019-01-31,5.37
2019-02-01,5.43
2019-02-02,5.47
2019-02-03,5.53
2019-02-04,5.58
2019-02-05,5.63
2019-02-06,5.7
2019-02-07,5.75
2019-02-08,5.8
2019-02-09,5.86
2019-02-10,5.92
2019-02-11,5.97
2019-02-12,6.03
2019-02-13,6.09
2019-02-14,6.14
2019-02-15,6.2
2019-02-16,6.26
2019-02-17,6.31
2019-02-18,6.37
2019-02-19,6.44
2019-02-20,6.49
2019-02-21,6.55
2019-02-22,6.62
2019-02-23,6.68
2019-02-24,6.74
2019-02-25,6.8
2019-02-26,6.87
2019-02-27,6.93
2019-02-28,7
2019-03-01,7.07
2019-03-02,7.14
2019-03-03,7.21
2019-03-04,7.28
2019-03-05,7.35
2019-03-06,7.44
2019-03-07,7.5
2019-03-08,7.59
2019-03-09,7.66
2019-03-10,7.75
2019-03-11,7.83
2019-03-12,7.91
2019-03-13,8
2019-03-14,8.1
2019-03-15,8.18
2019-03-16,8.28
2019-03-17,8.37
2019-03-18,8.47
2019-03-19,8.57
2019-03-20,8.68
2019-03-21,8.78
2019-03-22,8.88
2019-03-23,8.99
2019-03-24,9.1
2019-03-25,9.22
2019-03-26,9.33
2019-03-27,9.44
2019-03-28,9.56
2019-03-29,9.68
2019-03-30,9.8
2019-03-31,9.92
2019-04-01,10.05
2019-04-02,10.18
2019-04-03,10.3
2019-04-04,10.43
2019-04-05,10.56
2019-04-06,10.69
2019-04-07,10.82
2019-04-08,10.96
2019-04-09,11.09
2019-04-10,11.22
2019-04-11,11.36
2019-04-12,11.49
2019-04-13,11.63
2019-04-14,11.77
2019-04-15,11.9
2019-04-16,12.03
2019-04-17,12.18
2019-04-18,12.31
2019-04-19,12.46
2019-04-20,12.59
2019-04-21,12.73
2019-04-22,12.86
2019-04-23,13
2019-04-24,13.13
2019-04-25,13.26
2019-04-26,13.4
2019-04-27,13.53
2019-04-28,13.66
2019-04-29,13.79
2019-04-30,13.92
2019-05-01,14.06
2019-05-02,14.18
2019-05-03,14.3
2019-05-04,14.43
2019-05-05,14.56
2019-05-06,14.68
2019-05-07,14.8
2019-05-08,14.92
2019-05-09,15.03
2019-05-10,15.15
2019-05-11,15.27
2019-05-12,15.38
2019-05-13,15.5
2019-05-14,15.61
2019-05-15,15.72
2019-05-16,15.84
2019-05-17,15.95
2019-05-18,16.06
2019-05-19,16.16
2019-05-20,16.27
2019-05-21,16.36
2019-05-22,16.47
2019-05-23,16.57
2019-05-24,16.67
2019-05-25,16.77
2019-05-26,16.87
2019-05-27,16.97
2019-05-28,17.07
2019-05-29,17.16
2019-05-30,17.26
2019-05-31,17.36
2019-06-01,17.46
2019-06-02,17.55
2019-06-03,17.64
2019-06-04,17.74
2019-06-05,17.83
2019-06-06,17.92
2019-06-07,18.02
2019-06-08,18.11
2019-06-09,18.19
2019-06-10,18.29
2019-06-11,18.38
2019-06-12,18.47
2019-06-13,18.56
2019-06-14,18.65
2019-06-15,18.74
2019-06-16,18.83
2019-06-17,18.92
2019-06-18,19
2019-06-19,19.1
2019-06-20,19.18
2019-06-21,19.26
2019-06-22,19.35
2019-06-23,19.43
2019-06-24,19.52
2019-06-25,19.6
2019-06-26,19.68
2019-06-27,19.76
2019-06-28,19.85
2019-06-29,19.93
2019-06-30,20.01
2019-07-01,20.08
2019-07-02,20.16
2019-07-03,20.23
2019-07-04,20.3
2019-07-05,20.37
2019-07-06,20.44
2019-07-07,20.5
2019-07-08,20.57
2019-07-09,20.63
2019-07-10,20.69
2019-07-11,20.75
2019-07-12,20.79
2019-07-13,20.85
2019-07-14,20.89
2019-07-15,20.94
2019-07-16,20.98
2019-07-17,21.02
2019-07-18,21.04
2019-07-19,21.08
2019-07-20,21.11
2019-07-21,21.13
2019-07-22,21.15
2019-07-23,21.17
2019-07-24,21.17
2019-07-25,21.19
2019-07-26,21.19
2019-07-27,21.19
2019-07-28,21.18
2019-07-29,21.18
2019-07-30,21.16
2019-07-31,21.15
2019-08-01,21.13
2019-08-02,21.1
2019-08-03,21.08
2019-08-04,21.04
2019-08-05,21
2019-08-06,20.95
2019-08-07,20.92
2019-08-08,20.86
2019-08-09,20.81
2019-08-10,20.74
2019-08-11,20.69
2019-08-12,20.61
2019-08-13,20.55
2019-08-14,20.47
2019-08-15,20.39
2019-08-16,20.32
2019-08-17,20.23
2019-08-18,20.14
2019-08-19,20.05
2019-08-20,19.95
2019-08-21,19.86
2019-08-22,19.77
2019-08-23,19.66
2019-08-24,19.55
2019-08-25,19.44
2019-08-26,19.33
2019-08-27,19.22
2019-08-28,19.11
2019-08-29,18.99
2019-08-30,18.87
2019-08-31,18.75
2019-09-01,18.63
2019-09-02,18.51
2019-09-03,18.38
2019-09-04,18.25
2019-09-05,18.12
2019-09-06,18
2019-09-07,17.87
2019-09-08,17.75
2019-09-09,17.61
2019-09-10,17.48
2019-09-11,17.35
2019-09-12,17.23
2019-09-13,17.09
2019-09-14,16.96
2019-09-15,16.82
2019-09-16,16.7
2019-09-17,16.57
2019-09-18,16.43
2019-09-19,16.3
2019-09-20,16.17
2019-09-21,16.04
2019-09-22,15.91
2019-09-23,15.78
2019-09-24,15.64
2019-09-25,15.52
2019-09-26,15.38
2019-09-27,15.26
2019-09-28,15.12
2019-09-29,15
2019-09-30,14.87
2019-10-01,14.73
2019-10-02,14.61
2019-10-03,14.47
2019-10-04,14.34
2019-10-05,14.22
2019-10-06,14.09
2019-10-07,13.96
2019-10-08,13.83
2019-10-09,13.7
2019-10-10,13.57
2019-10-11,13.44
2019-10-12,13.31
2019-10-13,13.18
2019-10-14,13.05
2019-10-15,12.91
2019-10-16,12.78
2019-10-17,12.65
2019-10-18,12.52
2019-10-19,12.38
2019-10-20,12.25
2019-10-21,12.11
2019-10-22,11.97
2019-10-23,11.83
2019-10-24,11.7
2019-10-25,11.56
2019-10-26,11.42
2019-10-27,11.28
2019-10-28,11.14
2019-10-29,11
2019-10-30,10.86
2019-10-31,10.71
2019-11-01,10.56
2019-11-02,10.42
2019-11-03,10.28
2019-11-04,10.13
2019-11-05,9.98
2019-11-06,9.84
2019-11-07,9.69
2019-11-08,9.54
2019-11-09,9.39
2019-11-10,9.25
2019-11-11,9.1
2019-11-12,8.95
2019-11-13,8.81
2019-11-14,8.65
2019-11-15,8.5
2019-11-16,8.37
2019-11-17,8.22
2019-11-18,8.08
2019-11-19,7.92
2019-11-20,7.79
2019-11-21,7.65
2019-11-22,7.51
2019-11-23,7.36
2019-11-24,7.23
2019-11-25,7.1
2019-11-26,6.96
2019-11-27,6.83
2019-11-28,6.7
2019-11-29,6.58
2019-11-30,6.46
2019-12-01,6.34
2019-12-02,6.22
2019-12-03,6.1
2019-12-04,5.99
2019-12-05,5.87
2019-12-06,5.77
2019-12-07,5.67
2019-12-08,5.57
2019-12-09,5.48
2019-12-10,5.38
2019-12-11,5.3
2019-12-12,5.21
2019-12-13,5.13
2019-12-14,5.05
2019-12-15,4.98
2019-12-16,4.91
2019-12-17,4.84
2019-12-18,4.79
2019-12-19,4.73
2019-12-20,4.68
2019-12-21,4.63
2019-12-22,4.58
2019-12-23,4.55
2019-12-24,4.52
2019-12-25,4.48
2019-12-26,4.45
2019-12-27,4.42
2019-12-28,4.41
2019-12-29,4.39
2019-12-30,4.39
2019-12-31,4.38
2020-01-01,4.37
2020-01-02,4.37
2020-01-03,4.37
2020-01-04,4.38
2020-01-05,4.38
2020-01-06,4.39
2020-01-07,4.41
2020-01-08,4.43
2020-01-09,4.45
2020-01-10,4.47
2020-01-11,4.5
2020-01-12,4.52
2020-01-13,4.56
2020-01-14,4.59
2020-01-15,4.62
2020-01-16,4.66
2020-01-17,4.7
2020-01-18,4.74
2020-01-19,4.79
2020-01-20,4.82
2020-01-21,4.87
2020-01-22,4.92
2020-01-23,4.97
2020-01-24,5.01
2020-01-25,5.06
2020-01-26,5.11
2020-01-27,5.16
2020-01-28,5.21
2020-01-29,5.27
2020-01-30,5.31
2020-01-31,5.37
2020-02-01,5.43
2020-02-02,5.47
2020-02-03,5.53
2020-02-04,5.58
2020-02-05,5.63
2020-02-06,5.7
2020-02-07,5.75
2020-02-08,5.8
2020-02-09,5.86
2020-02-10,5.92
2020-02-11,5.97
2020-02-12,6.03
2020-02-13,6.09
2020-02-14,6.14
2020-02-15,6.2
2020-02-16,6.26
2020-02-17,6.31
2020-02-18,6.37
2020-02-19,6.44
2020-02-20,6.49
2020-02-21,6.55
2020-02-22,6.62
2020-02-23,6.68
2020-02-24,6.74
2020-02-25,6.8
2020-02-26,6.87
2020-02-27,6.93
2020-02-28,7
2020-02-29,7.04
2020-03-01,7.07
2020-03-02,7.14
2020-03-03,7.21
2020-03-04,7.28
2020-03-05,7.35
2020-03-06,7.44
2020-03-07,7.5
2020-03-08,7.59
2020-03-09,7.66
2020-03-10,7.75
2020-03-11,7.83
2020-03-12,7.91
2020-03-13,8
2020-03-14,8.1
2020-03-15,8.18
2020-03-16,8.28
2020-03-17,8.37
2020-03-18,8.47
2020-03-19,8.57
2020-03-20,8.68
2020-03-21,8.78
2020-03-22,8.88
2020-03-23,8.99
2020-03-24,9.1
2020-03-25,9.22
2020-03-26,9.33
2020-03-27,9.44
2020-03-28,9.56
2020-03-29,9.68
2020-03-30,9.8
2020-03-31,9.92
2020-04-01,10.37
2020-04-02,10.51
2020-04-03,10.63
2020-04-04,10.76
2020-04-05,10.89
2020-04-06,11.02
2020-04-07,11.14
2020-04-08,11.26
2020-04-09,11.39
2020-04-10,11.51
2020-04-11,11.62
2020-04-12,11.75
2020-04-13,11.87
2020-04-14,11.98
2020-04-15,12.1
2020-04-16,12.22
2020-04-17,12.33
2020-04-18,12.43
2020-04-19,12.55
2020-04-20,12.66
2020-04-21,12.77
2020-04-22,12.86
2020-04-23,12.97
2020-04-24,13.08
2020-04-25,13.19
2020-04-26,13.29
2020-04-27,13.39
2020-04-28,13.49
2020-04-29,13.58
2020-04-30,13.68
2020-05-01,13.78
2020-05-02,13.88
2020-05-03,13.97
2020-05-04,14.07
2020-05-05,14.17
2020-05-06,14.26
2020-05-07,14.36
2020-05-08,14.46
2020-05-09,14.55
2020-05-10,14.65
2020-05-11,14.74
2020-05-12,14.84
2020-05-13,14.94
2020-05-14,15.03
2020-05-15,15.14
2020-05-16,15.23
2020-05-17,15.33
2020-05-18,15.44
2020-05-19,15.54
2020-05-20,15.64
2020-05-21,15.75
2020-05-22,15.85
2020-05-23,15.95
2020-05-24,16.05
2020-05-25,16.16
2020-05-26,16.27
2020-05-27,16.38
2020-05-28,16.49
2020-05-29,16.61
2020-05-30,16.71
2020-05-31,16.83
2020-06-01,16.94
2020-06-02,17.05
2020-06-03,17.17
2020-06-04,17.28
2020-06-05,17.4
2020-06-06,17.52
2020-06-07,17.64
2020-06-08,17.75
2020-06-09,17.87
2020-06-10,17.99
2020-06-11,18.11
2020-06-12,18.23
2020-06-13,18.34
2020-06-14,18.46
2020-06-15,18.58
2020-06-16,18.69
2020-06-17,18.81
2020-06-18,18.92
2020-06-19,19.03
2020-06-20,19.14
2020-06-21,19.25
2020-06-22,19.36
2020-06-23,19.46
2020-06-24,19.57
2020-06-25,19.68
2020-06-26,19.78
2020-06-27,19.87
2020-06-28,19.97
2020-06-29,20.06
2020-06-30,20.15
2020-07-01,20.24
2020-07-02,20.32
2020-07-03,20.41
2020-07-04,20.48
2020-07-05,20.56
2020-07-06,20.62
2020-07-07,20.7
2020-07-08,20.75
2020-07-09,20.81
2020-07-10,20.87
2020-07-11,20.92
2020-07-12,20.97
2020-07-13,21.01
2020-07-14,21.04
2020-07-15,21.08
2020-07-16,21.11
2020-07-17,21.14
2020-07-18,21.16
2020-07-19,21.18
2020-07-20,21.19
2020-07-21,21.19
2020-07-22,21.2
2020-07-23,21.2
2020-07-24,21.19
2020-07-25,21.18
2020-07-26,21.17
2020-07-27,21.15
2020-07-28,21.12
2020-07-29,21.1
2020-07-30,21.07
2020-07-31,21.03
2020-08-01,20.99
2020-08-02,20.96
2020-08-03,20.91
2020-08-04,20.86
2020-08-05,20.8
2020-08-06,20.75
2020-08-07,20.68
2020-08-08,20.62
2020-08-09,20.56
2020-08-10,20.5
2020-08-11,20.42
2020-08-12,20.35
2020-08-13,20.27
2020-08-14,20.19
2020-08-15,20.12
2020-08-16,20.03
2020-08-17,19.94
2020-08-18,19.86
2020-08-19,19.77
2020-08-20,19.68
2020-08-21,19.59
2020-08-22,19.49
2020-08-23,19.4
2020-08-24,19.31
2020-08-25,19.2
2020-08-26,19.1
2020-08-27,19
2020-08-28,18.91
2020-08-29,18.8
2020-08-30,18.7
2020-08-31,18.6
2020-09-01,18.5
2020-09-02,18.39
2020-09-03,18.29
2020-09-04,18.19
2020-09-05,18.08
2020-09-06,17.98
2020-09-07,17.87
2020-09-08,17.76
2020-09-09,17.66
2020-09-10,17.55
2020-09-11,17.44
2020-09-12,17.32
2020-09-13,17.22
2020-09-14,17.12
2020-09-15,17
2020-09-16,16.89
2020-09-17,16.78
2020-09-18,16.67
2020-09-19,16.56
2020-09-20,16.45
2020-09-21,16.33
2020-09-22,16.22
2020-09-23,16.11
2020-09-24,15.99
2020-09-25,15.88
2020-09-26,15.76
2020-09-27,15.64
2020-09-28,15.52
2020-09-29,15.4
2020-09-30,15.29
2020-10-01,15.16
2020-10-02,15.04
2020-10-03,14.91
2020-10-04,14.79
2020-10-05,14.67
2020-10-06,14.54
2020-10-07,14.41
2020-10-08,14.28
2020-10-09,14.15
2020-10-10,14.02
2020-10-11,13.88
2020-10-12,13.75
2020-10-13,13.62
2020-10-14,13.47
2020-10-15,13.34
2020-10-16,13.2
2020-10-17,13.06
2020-10-18,12.91
2020-10-19,12.77
2020-10-20,12.63
2020-10-21,12.49
2020-10-22,12.34
2020-10-23,12.2
2020-10-24,12.04
2020-10-25,11.9
2020-10-26,11.75
2020-10-27,11.6
2020-10-28,11.45
2020-10-29,11.3
2020-10-30,11.15
2020-10-31,11
2020-11-01,10.85
2020-11-02,10.7
2020-11-03,10.54
2020-11-04,10.41
2020-11-05,10.25
2020-11-06,10.11
2020-11-07,9.96
2020-11-08,9.8
2020-11-09,9.66
2020-11-10,9.51
2020-11-11,9.38
2020-11-12,9.23
2020-11-13,9.09
2020-11-14,8.95
2020-11-15,8.8
2020-11-16,8.67
2020-11-17,8.53
2020-11-18,8.39
2020-11-19,8.27
2020-11-20,8.13
2020-11-21,8.01
2020-11-22,7.88
2020-11-23,7.76
2020-11-24,7.64
2020-11-25,7.51
2020-11-26,7.4
2020-11-27,7.29
2020-11-28,7.17
2020-11-29,7.06
2020-11-30,6.96
2020-12-01,6.86
2020-12-02,6.75
2020-12-03,6.65
2020-12-04,6.55
2020-12-05,6.46
2020-12-06,6.38
2020-12-07,6.29
2020-12-08,6.2
2020-12-09,6.12
2020-12-10,6.04
2020-12-11,5.96
2020-12-12,5.88
2020-12-13,5.81
2020-12-14,5.75
2020-12-15,5.67
2020-12-16,5.62
2020-12-17,5.55
2020-12-18,5.5
2020-12-19,5.43
2020-12-20,5.39
2020-12-21,5.33
2020-12-22,5.28
2020-12-23,5.23
2020-12-24,5.19
2020-12-25,5.15
2020-12-26,5.11
2020-12-27,5.07
2020-12-28,5.03
2020-12-29,5
2020-12-30,4.96
2020-12-31,4.94
2021-01-01,4.9
2021-01-02,4.88
2021-01-03,4.85
2021-01-04,4.82
2021-01-05,4.8
2021-01-06,4.78
2021-01-07,4.76
2021-01-08,4.75
2021-01-09,4.73
2021-01-10,4.72
2021-01-11,4.71
2021-01-12,4.69
2021-01-13,4.68
2021-01-14,4.67
2021-01-15,4.66
2021-01-16,4.66
2021-01-17,4.66
2021-01-18,4.65
2021-01-19,4.66
2021-01-20,4.66
2021-01-21,4.66
2021-01-22,4.66
2021-01-23,4.67
2021-01-24,4.68
2021-01-25,4.69
2021-01-26,4.7
2021-01-27,4.71
2021-01-28,4.73
2021-01-29,4.74
2021-01-30,4.77
2021-01-31,4.78
2021-02-01,4.81
2021-02-02,4.84
2021-02-03,4.87
2021-02-04,4.9
2021-02-05,4.93
2021-02-06,4.97
2021-02-07,5
2021-02-08,5.05
2021-02-09,5.09
2021-02-10,5.13
2021-02-11,5.18
2021-02-12,5.23
2021-02-13,5.29
2021-02-14,5.35
2021-02-15,5.4
2021-02-16,5.46
2021-02-17,5.53
2021-02-18,5.6
2021-02-19,5.67
2021-02-20,5.74
2021-02-21,5.82
2021-02-22,5.9
2021-02-23,5.98
2021-02-24,6.07
2021-02-25,6.15
2021-02-26,6.24
2021-02-27,6.33
2021-02-28,6.43
2021-03-01,6.53
2021-03-02,6.62
2021-03-03,6.74
2021-03-04,6.84
2021-03-05,6.96
2021-03-06,7.06
2021-03-07,7.18
2021-03-08,7.29
2021-03-09,7.41
2021-03-10,7.53
2021-03-11,7.65
2021-03-12,7.76
2021-03-13,7.89
2021-03-14,8.01
2021-03-15,8.15
2021-03-16,8.27
2021-03-17,8.4
2021-03-18,8.53
2021-03-19,8.66
2021-03-20,8.78
2021-03-21,8.92
2021-03-22,9.05
2021-03-23,9.18
2021-03-24,9.33
2021-03-25,9.45
2021-03-26,9.59
2021-03-27,9.72
2021-03-28,9.85
2021-03-29,9.99
2021-03-30,10.11
2021-03-31,10.25
2021-04-01,10.37
2021-04-02,10.51
2021-04-03,10.63
2021-04-04,10.76
2021-04-05,10.89
2021-04-06,11.02
2021-04-07,11.14
2021-04-08,11.26
2021-04-09,11.39
2021-04-10,11.51
2021-04-11,11.62
2021-04-12,11.75
2021-04-13,11.87
2021-04-14,11.98
2021-04-15,12.1
2021-04-16,12.22
2021-04-17,12.33
2021-04-18,12.43
2021-04-19,12.55
2021-04-20,12.66
2021-04-21,12.77
2021-04-22,12.86
2021-04-23,12.97
2021-04-24,13.08
2021-04-25,13.19
2021-04-26,13.29
2021-04-27,13.39
2021-04-28,13.49
2021-04-29,13.58
2021-04-30,13.68
2021-05-01,13.78
2021-05-02,13.88
2021-05-03,13.97
2021-05-04,14.07
2021-05-05,14.17
2021-05-06,14.26
2021-05-07,14.36
2021-05-08,14.46
2021-05-09,14.55
2021-05-10,14.65
2021-05-11,14.74
2021-05-12,14.84
2021-05-13,14.94
2021-05-14,15.03
2021-05-15,15.14
2021-05-16,15.23
2021-05-17,15.33
2021-05-18,15.44
2021-05-19,15.54
2021-05-20,15.64
2021-05-21,15.75
2021-05-22,15.85
2021-05-23,15.95
2021-05-24,16.05
2021-05-25,16.16
2021-05-26,16.27
2021-05-27,16.38
2021-05-28,16.49
2021-05-29,16.61
2021-05-30,16.71
2021-05-31,16.83
2021-06-01,16.94
2021-06-02,17.05
2021-06-03,17.17
2021-06-04,17.28
2021-06-05,17.4
2021-06-06,17.52
2021-06-07,17.64
2021-06-08,17.75
2021-06-09,17.87
2021-06-10,17.99
2021-06-11,18.11
2021-06-12,18.23
2021-06-13,18.34
2021-06-14,18.46
2021-06-15,18.58
2021-06-16,18.69
2021-06-17,18.81
2021-06-18,18.92
2021-06-19,19.03
2021-06-20,19.14
2021-06-21,19.25
2021-06-22,19.36
2021-06-23,19.46
2021-06-24,19.57
2021-06-25,19.68
2021-06-26,19.78
2021-06-27,19.87
2021-06-28,19.97
2021-06-29,20.06
2021-06-30,20.15
2021-07-01,20.24
2021-07-02,20.32
2021-07-03,20.41
2021-07-04,20.48
2021-07-05,20.56
2021-07-06,20.62
2021-07-07,20.7
2021-07-08,20.75
2021-07-09,20.81
2021-07-10,20.87
2021-07-11,20.92
2021-07-12,20.97
2021-07-13,21.01
2021-07-14,21.04
2021-07-15,21.08
2021-07-16,21.11
2021-07-17,21.14
2021-07-18,21.16
2021-07-19,21.18
2021-07-20,21.19
2021-07-21,21.19
2021-07-22,21.2
2021-07-23,21.2
2021-07-24,21.19
2021-07-25,21.18
2021-07-26,21.17
2021-07-27,21.15
2021-07-28,21.12
2021-07-29,21.1
2021-07-30,21.07
2021-07-31,21.03
2021-08-01,20.99
2021-08-02,20.96
2021-08-03,20.91
2021-08-04,20.86
2021-08-05,20.8
2021-08-06,20.75
2021-08-07,20.68
2021-08-08,20.62
2021-08-09,20.56
2021-08-10,20.5
2021-08-11,20.42
2021-08-12,20.35
2021-08-13,20.27
2021-08-14,20.19
2021-08-15,20.12
2021-08-16,20.03
2021-08-17,19.94
2021-08-18,19.86
2021-08-19,19.77
2021-08-20,19.68
2021-08-21,19.59
2021-08-22,19.49
2021-08-23,19.4
2021-08-24,19.31
2021-08-25,19.2
2021-08-26,19.1
2021-08-27,19
2021-08-28,18.91
2021-08-29,18.8
2021-08-30,18.7
2021-08-31,18.6
2021-09-01,18.5
2021-09-02,18.39
2021-09-03,18.29
2021-09-04,18.19
2021-09-05,18.08
2021-09-06,17.98
2021-09-07,17.87
2021-09-08,17.76
2021-09-09,17.66
2021-09-10,17.55
2021-09-11,17.44
2021-09-12,17.32
2021-09-13,17.22
2021-09-14,17.12
2021-09-15,17
2021-09-16,16.89
2021-09-17,16.78
2021-09-18,16.67
2021-09-19,16.56
2021-09-20,16.45
2021-09-21,16.33
2021-09-22,16.22
2021-09-23,16.11
2021-09-24,15.99
2021-09-25,15.88
2021-09-26,15.76
2021-09-27,15.64
2021-09-28,15.52
2021-09-29,15.4
2021-09-30,15.29
2021-10-01,15.16
2021-10-02,15.04
2021-10-03,14.91
2021-10-04,14.79
2021-10-05,14.67
2021-10-06,14.54
2021-10-07,14.41
2021-10-08,14.28
2021-10-09,14.15
2021-10-10,14.02
2021-10-11,13.88
2021-10-12,13.75
2021-10-13,13.62
2021-10-14,13.47
2021-10-15,13.34
2021-10-16,13.2
2021-10-17,13.06
2021-10-18,12.91
2021-10-19,12.77
2021-10-20,12.63
2021-10-21,12.49
2021-10-22,12.34
2021-10-23,12.2
2021-10-24,12.04
2021-10-25,11.9
2021-10-26,11.75
2021-10-27,11.6
2021-10-28,11.45
2021-10-29,11.3
2021-10-30,11.15
2021-10-31,11
2021-11-01,10.85
2021-11-02,10.7
2021-11-03,10.54
2021-11-04,10.41
2021-11-05,10.25
2021-11-06,10.11
2021-11-07,9.96
2021-11-08,9.8
2021-11-09,9.66
2021-11-10,9.51
2021-11-11,9.38
2021-11-12,9.23
2021-11-13,9.09
2021-11-14,8.95
2021-11-15,8.8
2021-11-16,8.67
2021-11-17,8.53
2021-11-18,8.39
2021-11-19,8.27
2021-11-20,8.13
2021-11-21,8.01
2021-11-22,7.88
2021-11-23,7.76
2021-11-24,7.64
2021-11-25,7.51
2021-11-26,7.4
2021-11-27,7.29
2021-11-28,7.17
2021-11-29,7.06
2021-11-30,6.96
2021-12-01,6.86
2021-12-02,6.75
2021-12-03,6.65
2021-12-04,6.55
2021-12-05,6.46
2021-12-06,6.38
2021-12-07,6.29
2021-12-08,6.2
2021-12-09,6.12
2021-12-10,6.04
2021-12-11,5.96
2021-12-12,5.88
2021-12-13,5.81
2021-12-14,5.75
2021-12-15,5.67
2021-12-16,5.62
2021-12-17,5.55
2021-12-18,5.5
2021-12-19,5.43
2021-12-20,5.39
2021-12-21,5.33
2021-12-22,5.28
2021-12-23,5.23
2021-12-24,5.19
2021-12-25,5.15
2021-12-26,5.11
2021-12-27,5.07
2021-12-28,5.03
2021-12-29,5
2021-12-30,4.96
2021-12-31,4.94
2022-01-01,4.9
2022-01-02,4.88
2022-01-03,4.85
2022-01-04,4.82
2022-01-05,4.8
2022-01-06,4.78
2022-01-07,4.76
2022-01-08,4.75
2022-01-09,4.73
2022-01-10,4.72
2022-01-11,4.71
2022-01-12,4.69
2022-01-13,4.68
2022-01-14,4.67
2022-01-15,4.66
2022-01-16,4.66
2022-01-17,4.66
2022-01-18,4.65
2022-01-19,4.66
2022-01-20,4.66
2022-01-21,4.66
2022-01-22,4.66
2022-01-23,4.67
2022-01-24,4.68
2022-01-25,4.69
2022-01-26,4.7
2022-01-27,4.71
2022-01-28,4.73
2022-01-29,4.74
2022-01-30,4.77
2022-01-31,4.78
2022-02-01,4.81
2022-02-02,4.84
2022-02-03,4.87
2022-02-04,4.9
2022-02-05,4.93
2022-02-06,4.97
2022-02-07,5
2022-02-08,5.05
2022-02-09,5.09
2022-02-10,5.13
2022-02-11,5.18
2022-02-12,5.23
2022-02-13,5.29
2022-02-14,5.35
2022-02-15,5.4
2022-02-16,5.46
2022-02-17,5.53
2022-02-18,5.6
2022-02-19,5.67
2022-02-20,5.74
2022-02-21,5.82
2022-02-22,5.9
2022-02-23,5.98
2022-02-24,6.07
2022-02-25,6.15
2022-02-26,6.24
2022-02-27,6.33
2022-02-28,6.43
2022-03-01,6.53
2022-03-02,6.62
2022-03-03,6.74
2022-03-04,6.84
2022-03-05,6.96
2022-03-06,7.06
2022-03-07,7.18
2022-03-08,7.29
2022-03-09,7.41
2022-03-10,7.53
2022-03-11,7.65
2022-03-12,7.76
2022-03-13,7.89
2022-03-14,8.01
2022-03-15,8.15
2022-03-16,8.27
2022-03-17,8.4
2022-03-18,8.53
2022-03-19,8.66
2022-03-20,8.78
2022-03-21,8.92
2022-03-22,9.05
2022-03-23,9.18
2022-03-24,9.33
2022-03-25,9.45
2022-03-26,9.59
2022-03-27,9.72
2022-03-28,9.85
2022-03-29,9.99
2022-03-30,10.11
2022-03-31,10.25
2022-04-01,10.37
2022-04-02,10.51
2022-04-03,10.63
2022-04-04,10.76
2022-04-05,10.89
2022-04-06,11.02
2022-04-07,11.14
2022-04-08,11.26
2022-04-09,11.39
2022-04-10,11.51
2022-04-11,11.62
2022-04-12,11.75
2022-04-13,11.87
2022-04-14,11.98
2022-04-15,12.1
2022-04-16,12.22
2022-04-17,12.33
2022-04-18,12.43
2022-04-19,12.55
2022-04-20,12.66
2022-04-21,12.77
2022-04-22,12.86
2022-04-23,12.97
2022-04-24,13.08
2022-04-25,13.19
2022-04-26,13.29
2022-04-27,13.39
2022-04-28,13.49
2022-04-29,13.58
2022-04-30,13.68
2022-05-01,13.78
2022-05-02,13.88
2022-05-03,13.97
2022-05-04,14.07
2022-05-05,14.17
2022-05-06,14.26
2022-05-07,14.36
2022-05-08,14.46
2022-05-09,14.55
2022-05-10,14.65
2022-05-11,14.74
2022-05-12,14.84
2022-05-13,14.94
2022-05-14,15.03
2022-05-15,15.14
2022-05-16,15.23
2022-05-17,15.33
2022-05-18,15.44
2022-05-19,15.54
2022-05-20,15.64
2022-05-21,15.75
2022-05-22,15.85
2022-05-23,15.95
2022-05-24,16.05
2022-05-25,16.16
2022-05-26,16.27
2022-05-27,16.38
2022-05-28,16.49
2022-05-29,16.61
2022-05-30,16.71
2022-05-31,16.83
2022-06-01,16.94
2022-06-02,17.05
2022-06-03,17.17
2022-06-04,17.28
2022-06-05,17.4
2022-06-06,17.52
2022-06-07,17.64
2022-06-08,17.75
2022-06-09,17.87
2022-06-10,17.99
2022-06-11,18.11
2022-06-12,18.23
2022-06-13,18.34
2022-06-14,18.46
2022-06-15,18.58
2022-06-16,18.69
2022-06-17,18.81
2022-06-18,18.92
2022-06-19,19.03
2022-06-20,19.14
2022-06-21,19.25
2022-06-22,19.36
2022-06-23,19.46
2022-06-24,19.57
2022-06-25,19.68
2022-06-26,19.78
2022-06-27,19.87
2022-06-28,19.97
2022-06-29,20.06
2022-06-30,20.15
2022-07-01,20.24
2022-07-02,20.32
2022-07-03,20.41
2022-07-04,20.48
2022-07-05,20.56
2022-07-06,20.62
2022-07-07,20.7
2022-07-08,20.75
2022-07-09,20.81
2022-07-10,20.87
2022-07-11,20.92
2022-07-12,20.97
2022-07-13,21.01
2022-07-14,21.04
2022-07-15,21.08
2022-07-16,21.11
2022-07-17,21.14
2022-07-18,21.16
2022-07-19,21.18
2022-07-20,21.19
2022-07-21,21.19
2022-07-22,21.2
2022-07-23,21.2
2022-07-24,21.19
2022-07-25,21.18
2022-07-26,21.17
2022-07-27,21.15
2022-07-28,21.12
2022-07-29,21.1
2022-07-30,21.07
2022-07-31,21.03
2022-08-01,20.99
2022-08-02,20.96
2022-08-03,20.91
2022-08-04,20.86
2022-08-05,20.8
2022-08-06,20.75
2022-08-07,20.68
2022-08-08,20.62
2022-08-09,20.56
2022-08-10,20.5
2022-08-11,20.42
2022-08-12,20.35
2022-08-13,20.27
2022-08-14,20.19
2022-08-15,20.12
2022-08-16,20.03
2022-08-17,19.94
2022-08-18,19.86
2022-08-19,19.77
2022-08-20,19.68
2022-08-21,19.59
2022-08-22,19.49
2022-08-23,19.4
2022-08-24,19.31
2022-08-25,19.2
2022-08-26,19.1
2022-08-27,19
2022-08-28,18.91
2022-08-29,18.8
2022-08-30,18.7
2022-08-31,18.6
2022-09-01,18.5
2022-09-02,18.39
2022-09-03,18.29
2022-09-04,18.19
2022-09-05,18.08
2022-09-06,17.98
2022-09-07,17.87
2022-09-08,17.76
2022-09-09,17.66
2022-09-10,17.55
2022-09-11,17.44
2022-09-12,17.32
2022-09-13,17.22
2022-09-14,17.12
2022-09-15,17
2022-09-16,16.89
2022-09-17,16.78
2022-09-18,16.67
2022-09-19,16.56
2022-09-20,16.45
2022-09-21,16.33
2022-09-22,16.22
2022-09-23,16.11
2022-09-24,15.99
2022-09-25,15.88
2022-09-26,15.76
2022-09-27,15.64
2022-09-28,15.52
2022-09-29,15.4
2022-09-30,15.29
2022-10-01,15.16
2022-10-02,15.04
2022-10-03,14.91
2022-10-04,14.79
2022-10-05,14.67
2022-10-06,14.54
2022-10-07,14.41
2022-10-08,14.28
2022-10-09,14.15
2022-10-10,14.02
2022-10-11,13.88
2022-10-12,13.75
2022-10-13,13.62
2022-10-14,13.47
2022-10-15,13.34
2022-10-16,13.2
2022-10-17,13.06
2022-10-18,12.91
2022-10-19,12.77
2022-10-20,12.63
2022-10-21,12.49
2022-10-22,12.34
2022-10-23,12.2
2022-10-24,12.04
2022-10-25,11.9
2022-10-26,11.75
2022-10-27,11.6
2022-10-28,11.45
2022-10-29,11.3
2022-10-30,11.15
2022-10-31,11
2022-11-01,10.85
2022-11-02,10.7
2022-11-03,10.54
2022-11-04,10.41
2022-11-05,10.25
2022-11-06,10.11
2022-11-07,9.96
2022-11-08,9.8
2022-11-09,9.66
2022-11-10,9.51
2022-11-11,9.38
2022-11-12,9.23
2022-11-13,9.09
2022-11-14,8.95
2022-11-15,8.8
2022-11-16,8.67
2022-11-17,8.53
2022-11-18,8.39
2022-11-19,8.27
2022-11-20,8.13
2022-11-21,8.01
2022-11-22,7.88
2022-11-23,7.76
2022-11-24,7.64
2022-11-25,7.51
2022-11-26,7.4
2022-11-27,7.29
2022-11-28,7.17
2022-11-29,7.06
2022-11-30,6.96
2022-12-01,6.86
2022-12-02,6.75
2022-12-03,6.65
2022-12-04,6.55
2022-12-05,6.46
2022-12-06,6.38
2022-12-07,6.29
2022-12-08,6.2
2022-12-09,6.12
2022-12-10,6.04
2022-12-11,5.96
2022-12-12,5.88
2022-12-13,5.81
2022-12-14,5.75
2022-12-15,5.67
2022-12-16,5.62
2022-12-17,5.55
2022-12-18,5.5
2022-12-19,5.43
2022-12-20,5.39
2022-12-21,5.33
2022-12-22,5.28
2022-12-23,5.23
2022-12-24,5.19
2022-12-25,5.15
2022-12-26,5.11
2022-12-27,5.07
2022-12-28,5.03
2022-12-29,5
2022-12-30,4.96
2022-12-31,4.94
2023-01-01,4.9
2023-01-02,4.88
2023-01-03,4.85
2023-01-04,4.82
2023-01-05,4.8
2023-01-06,4.78
2023-01-07,4.76
2023-01-08,4.75
2023-01-09,4.73
2023-01-10,4.72
2023-01-11,4.71
2023-01-12,4.69
2023-01-13,4.68
2023-01-14,4.67
2023-01-15,4.66
2023-01-16,4.66
2023-01-17,4.66
2023-01-18,4.65
2023-01-19,4.66
2023-01-20,4.66
2023-01-21,4.66
2023-01-22,4.66
2023-01-23,4.67
2023-01-24,4.68
2023-01-25,4.69
2023-01-26,4.7
2023-01-27,4.71
2023-01-28,4.73
2023-01-29,4.74
2023-01-30,4.77
2023-01-31,4.78
2023-02-01,4.81
2023-02-02,4.84
2023-02-03,4.87
2023-02-04,4.9
2023-02-05,4.93
2023-02-06,4.97
2023-02-07,5
2023-02-08,5.05
2023-02-09,5.09
2023-02-10,5.13
2023-02-11,5.18
2023-02-12,5.23
2023-02-13,5.29
2023-02-14,5.35
2023-02-15,5.4
2023-02-16,5.46
2023-02-17,5.53
2023-02-18,5.6
2023-02-19,5.67
2023-02-20,5.74
2023-02-21,5.82
2023-02-22,5.9
2023-02-23,5.98
2023-02-24,6.07
2023-02-25,6.15
2023-02-26,6.24
2023-02-27,6.33
2023-02-28,6.43
2023-03-01,6.53
2023-03-02,6.62
2023-03-03,6.74
2023-03-04,6.84
2023-03-05,6.96
2023-03-06,7.06
2023-03-07,7.18
2023-03-08,7.29
2023-03-09,7.41
2023-03-10,7.53
2023-03-11,7.65
2023-03-12,7.76
2023-03-13,7.89
2023-03-14,8.01
2023-03-15,8.15
2023-03-16,8.27
2023-03-17,8.4
2023-03-18,8.53
2023-03-19,8.66
2023-03-20,8.78
2023-03-21,8.92
2023-03-22,9.05
2023-03-23,9.18
2023-03-24,9.33
2023-03-25,9.45
2023-03-26,9.59
2023-03-27,9.72
2023-03-28,9.85
2023-03-29,9.99
2023-03-30,10.11
2023-03-31,10.25
2023-04-01,10.37
2023-04-02,10.51
2023-04-03,10.63
2023-04-04,10.76
2023-04-05,10.89
2023-04-06,11.02
2023-04-07,11.14
2023-04-08,11.26
2023-04-09,11.39
2023-04-10,11.51
2023-04-11,11.62
2023-04-12,11.75
2023-04-13,11.87
2023-04-14,11.98
2023-04-15,12.1
2023-04-16,12.22
2023-04-17,12.33
2023-04-18,12.43
2023-04-19,12.55
2023-04-20,12.66
2023-04-21,12.77
2023-04-22,12.86
2023-04-23,12.97
2023-04-24,13.08
2023-04-25,13.19
2023-04-26,13.29
2023-04-27,13.39
2023-04-28,13.49
2023-04-29,13.58
2023-04-30,13.68
2023-05-01,13.78
2023-05-02,13.88
2023-05-03,13.97
2023-05-04,14.07
2023-05-05,14.17
2023-05-06,14.26
2023-05-07,14.36
2023-05-08,14.46
2023-05-09,14.55
2023-05-10,14.65
2023-05-11,14.74
2023-05-12,14.84
2023-05-13,14.94
2023-05-14,15.03
2023-05-15,15.14
2023-05-16,15.23
2023-05-17,15.33
2023-05-18,15.44
2023-05-19,15.54
2023-05-20,15.64
2023-05-21,15.75
2023-05-22,15.85
2023-05-23,15.95
2023-05-24,16.05
2023-05-25,16.16
2023-05-26,16.27
2023-05-27,16.38
2023-05-28,16.49
2023-05-29,16.61
2023-05-30,16.71
2023-05-31,16.83
2023-06-01,16.94
2023-06-02,17.05
2023-06-03,17.17
2023-06-04,17.28
2023-06-05,17.4
2023-06-06,17.52
2023-06-07,17.64
2023-06-08,17.75
2023-06-09,17.87
2023-06-10,17.99
2023-06-11,18.11
2023-06-12,18.23
2023-06-13,18.34
2023-06-14,18.46
2023-06-15,18.58
2023-06-16,18.69
2023-06-17,18.81
2023-06-18,18.92
2023-06-19,19.03
2023-06-20,19.14
2023-06-21,19.25
2023-06-22,19.36
2023-06-23,19.46
2023-06-24,19.57
2023-06-25,19.68
2023-06-26,19.78
2023-06-27,19.87
2023-06-28,19.97
2023-06-29,20.06
2023-06-30,20.15
2023-07-01,20.24
2023-07-02,20.32
2023-07-03,20.41
2023-07-04,20.48
2023-07-05,20.56
2023-07-06,20.62
2023-07-07,20.7
2023-07-08,20.75
2023-07-09,20.81
2023-07-10,20.87
2023-07-11,20.92
2023-07-12,20.97
2023-07-13,21.01
2023-07-14,21.04
2023-07-15,21.08
2023-07-16,21.11
2023-07-17,21.14
2023-07-18,21.16
2023-07-19,21.18
2023-07-20,21.19
2023-07-21,21.19
2023-07-22,21.2
2023-07-23,21.2
2023-07-24,21.19
2023-07-25,21.18
2023-07-26,21.17
2023-07-27,21.15
2023-07-28,21.12
2023-07-29,21.1
2023-07-30,21.07
2023-07-31,21.03
2023-08-01,20.99
2023-08-02,20.96
2023-08-03,20.91
2023-08-04,20.86
2023-08-05,20.8
2023-08-06,20.75
2023-08-07,20.68
2023-08-08,20.62
2023-08-09,20.56
2023-08-10,20.5
2023-08-11,20.42
2023-08-12,20.35
2023-08-13,20.27
2023-08-14,20.19
2023-08-15,20.12
2023-08-16,20.03
2023-08-17,19.94
2023-08-18,19.86
2023-08-19,19.77
2023-08-20,19.68
2023-08-21,19.59
2023-08-22,19.49
2023-08-23,19.4
2023-08-24,19.31
2023-08-25,19.2
2023-08-26,19.1
2023-08-27,19
2023-08-28,18.91
2023-08-29,18.8
2023-08-30,18.7
2023-08-31,18.6
2023-09-01,18.5
2023-09-02,18.39
2023-09-03,18.29
2023-09-04,18.19
2023-09-05,18.08
2023-09-06,17.98
2023-09-07,17.87
2023-09-08,17.76
2023-09-09,17.66
2023-09-10,17.55
2023-09-11,17.44
2023-09-12,17.32
2023-09-13,17.22
2023-09-14,17.12
2023-09-15,17
2023-09-16,16.89
2023-09-17,16.78
2023-09-18,16.67
2023-09-19,16.56
2023-09-20,16.45
2023-09-21,16.33
2023-09-22,16.22
2023-09-23,16.11
2023-09-24,15.99
2023-09-25,15.88
2023-09-26,15.76
2023-09-27,15.64
2023-09-28,15.52
2023-09-29,15.4
2023-09-30,15.29
2023-10-01,15.16
2023-10-02,15.04
2023-10-03,14.91
2023-10-04,14.79
2023-10-05,14.67
2023-10-06,14.54
2023-10-07,14.41
2023-10-08,14.28
2023-10-09,14.15
2023-10-10,14.02
2023-10-11,13.88
2023-10-12,13.75
2023-10-13,13.62
2023-10-14,13.47
2023-10-15,13.34
2023-10-16,13.2
2023-10-17,13.06
2023-10-18,12.91
2023-10-19,12.77
2023-10-20,12.63
2023-10-21,12.49
2023-10-22,12.34
2023-10-23,12.2
2023-10-24,12.04
2023-10-25,11.9
2023-10-26,11.75
2023-10-27,11.6
2023-10-28,11.45
2023-10-29,11.3
2023-10-30,11.15
2023-10-31,11
2023-11-01,10.85
2023-11-02,10.7
2023-11-03,10.54
2023-11-04,10.41
2023-11-05,10.25
2023-11-06,10.11
2023-11-07,9.96
2023-11-08,9.8
2023-11-09,9.66
2023-11-10,9.51
2023-11-11,9.38
2023-11-12,9.23
2023-11-13,9.09
2023-11-14,8.95
2023-11-15,8.8
2023-11-16,8.67
2023-11-17,8.53
2023-11-18,8.39
2023-11-19,8.27
2023-11-20,8.13
2023-11-21,8.01
2023-11-22,7.88
2023-11-23,7.76
2023-11-24,7.64
2023-11-25,7.51
2023-11-26,7.4
2023-11-27,7.29
2023-11-28,7.17
2023-11-29,7.06
2023-11-30,6.96
2023-12-01,6.86
2023-12-02,6.75
2023-12-03,6.65
2023-12-04,6.55
2023-12-05,6.46
2023-12-06,6.38
2023-12-07,6.29
2023-12-08,6.2
2023-12-09,6.12
2023-12-10,6.04
2023-12-11,5.96
2023-12-12,5.88
2023-12-13,5.81
2023-12-14,5.75
2023-12-15,5.67
2023-12-16,5.62
2023-12-17,5.55
2023-12-18,5.5
2023-12-19,5.43
2023-12-20,5.39
2023-12-21,5.33
2023-12-22,5.28
2023-12-23,5.23
2023-12-24,5.19
2023-12-25,5.15
2023-12-26,5.11
2023-12-27,5.07
2023-12-28,5.03
2023-12-29,5
2023-12-30,4.96
2023-12-31,4.94
2024-01-01,4.9
2024-01-02,4.88
2024-01-03,4.85
2024-01-04,4.82
2024-01-05,4.8
2024-01-06,4.78
2024-01-07,4.76
2024-01-08,4.75
2024-01-09,4.73
2024-01-10,4.72
2024-01-11,4.71
2024-01-12,4.69
2024-01-13,4.68
2024-01-14,4.67
2024-01-15,4.66
2024-01-16,4.66
2024-01-17,4.66
2024-01-18,4.65
2024-01-19,4.66
2024-01-20,4.66
2024-01-21,4.66
2024-01-22,4.66
2024-01-23,4.67
2024-01-24,4.68
2024-01-25,4.69
2024-01-26,4.7
2024-01-27,4.71
2024-01-28,4.73
2024-01-29,4.74
2024-01-30,4.77
2024-01-31,4.78
2024-02-01,4.81
2024-02-02,4.84
2024-02-03,4.87
2024-02-04,4.9
2024-02-05,4.93
2024-02-06,4.97
2024-02-07,5
2024-02-08,5.05
2024-02-09,5.09
2024-02-10,5.13
2024-02-11,5.18
2024-02-12,5.23
2024-02-13,5.29
2024-02-14,5.35
2024-02-15,5.4
2024-02-16,5.46
2024-02-17,5.53
2024-02-18,5.6
2024-02-19,5.67
2024-02-20,5.74
2024-02-21,5.82
2024-02-22,5.9
2024-02-23,5.98
2024-02-24,6.07
2024-02-25,6.15
2024-02-26,6.24
2024-02-27,6.33
2024-02-28,6.43
2024-02-29,6.48
2024-03-01,6.53
2024-03-02,6.62
2024-03-03,6.74
2024-03-04,6.84
2024-03-05,6.96
2024-03-06,7.06
2024-03-07,7.18
2024-03-08,7.29
2024-03-09,7.41
2024-03-10,7.53
2024-03-11,7.65
2024-03-12,7.76
2024-03-13,7.89
2024-03-14,8.01
2024-03-15,8.15
2024-03-16,8.27
2024-03-17,8.4
2024-03-18,8.53
2024-03-19,8.66
2024-03-20,8.78
2024-03-21,8.92
2024-03-22,9.05
2024-03-23,9.18
2024-03-24,9.33
2024-03-25,9.45
2024-03-26,9.59
2024-03-27,9.72
2024-03-28,9.85
2024-03-29,9.99
2024-03-30,10.11
2024-03-31,10.25
2024-04-01,10.37
2024-04-02,10.51
2024-04-03,10.63
2024-04-04,10.76
2024-04-05,10.89
2024-04-06,11.02
2024-04-07,11.14
2024-04-08,11.26
2024-04-09,11.39
2024-04-10,11.51
2024-04-11,11.62
2024-04-12,11.75
2024-04-13,11.87
2024-04-14,11.98
2024-04-15,12.1
2024-04-16,12.22
2024-04-17,12.33
2024-04-18,12.43
2024-04-19,12.55
2024-04-20,12.66
2024-04-21,12.77
2024-04-22,12.86
2024-04-23,12.97
2024-04-24,13.08
2024-04-25,13.19
2024-04-26,13.29
2024-04-27,13.39
2024-04-28,13.49
2024-04-29,13.58
2024-04-30,13.68
2024-05-01,13.78
2024-05-02,13.88
2024-05-03,13.97
2024-05-04,14.07
2024-05-05,14.17
2024-05-06,14.26
2024-05-07,14.36
2024-05-08,14.46
2024-05-09,14.55
2024-05-10,14.65
2024-05-11,14.74
2024-05-12,14.84
2024-05-13,14.94
2024-05-14,15.03
2024-05-15,15.14
2024-05-16,15.23
2024-05-17,15.33
2024-05-18,15.44
2024-05-19,15.54
2024-05-20,15.64
2024-05-21,15.75
2024-05-22,15.85
2024-05-23,15.95
2024-05-24,16.05
2024-05-25,16.16
2024-05-26,16.27
2024-05-27,16.38
2024-05-28,16.49
2024-05-29,16.61
2024-05-30,16.71
2024-05-31,16.83
2024-06-01,16.94
2024-06-02,17.05
2024-06-03,17.17
2024-06-04,17.28
2024-06-05,17.4
2024-06-06,17.52
2024-06-07,17.64
2024-06-08,17.75
2024-06-09,17.87
2024-06-10,17.99
2024-06-11,18.11
2024-06-12,18.23
2024-06-13,18.34
2024-06-14,18.46
2024-06-15,18.58
2024-06-16,18.69
2024-06-17,18.81
2024-06-18,18.92
2024-06-19,19.03
2024-06-20,19.14
2024-06-21,19.25
2024-06-22,19.36
2024-06-23,19.46
2024-06-24,19.57
2024-06-25,19.68
2024-06-26,19.78
2024-06-27,19.87
2024-06-28,19.97
2024-06-29,20.06
2024-06-30,20.15
2024-07-01,20.24
2024-07-02,20.32
2024-07-03,20.41
2024-07-04,20.48
2024-07-05,20.56
2024-07-06,20.62
2024-07-07,20.7
2024-07-08,20.75
2024-07-09,20.81
2024-07-10,20.87
2024-07-11,20.92
2024-07-12,20.97
2024-07-13,21.01
2024-07-14,21.04
2024-07-15,21.08
2024-07-16,21.11
2024-07-17,21.14
2024-07-18,21.16
2024-07-19,21.18
2024-07-20,21.19
2024-07-21,21.19
2024-07-22,21.2
2024-07-23,21.2
2024-07-24,21.19
2024-07-25,21.18
2024-07-26,21.17
2024-07-27,21.15
2024-07-28,21.12
2024-07-29,21.1
2024-07-30,21.07
2024-07-31,21.03
2024-08-01,20.99
2024-08-02,20.96
2024-08-03,20.91
2024-08-04,20.86
2024-08-05,20.8
2024-08-06,20.75
2024-08-07,20.68
2024-08-08,20.62
2024-08-09,20.56
2024-08-10,20.5
2024-08-11,20.42
2024-08-12,20.35
2024-08-13,20.27
2024-08-14,20.19
2024-08-15,20.12
2024-08-16,20.03
2024-08-17,19.94
2024-08-18,19.86
2024-08-19,19.77
2024-08-20,19.68
2024-08-21,19.59
2024-08-22,19.49
2024-08-23,19.4
2024-08-24,19.31
2024-08-25,19.2
2024-08-26,19.1
2024-08-27,19
2024-08-28,18.91
2024-08-29,18.8
2024-08-30,18.7
2024-08-31,18.6
2024-09-01,18.5
2024-09-02,18.39
2024-09-03,18.29
2024-09-04,18.19
2024-09-05,18.08
2024-09-06,17.98
2024-09-07,17.87
2024-09-08,17.76
2024-09-09,17.66
2024-09-10,17.55
2024-09-11,17.44
2024-09-12,17.32
2024-09-13,17.22
2024-09-14,17.12
2024-09-15,17
2024-09-16,16.89
2024-09-17,16.78
2024-09-18,16.67
2024-09-19,16.56
2024-09-20,16.45
2024-09-21,16.33
2024-09-22,16.22
2024-09-23,16.11
2024-09-24,15.99
2024-09-25,15.88
2024-09-26,15.76
2024-09-27,15.64
2024-09-28,15.52
2024-09-29,15.4
2024-09-30,15.29
2024-10-01,15.16
2024-10-02,15.04
2024-10-03,14.91
2024-10-04,14.79
2024-10-05,14.67
2024-10-06,14.54
2024-10-07,14.41
2024-10-08,14.28
2024-10-09,14.15
2024-10-10,14.02
2024-10-11,13.88
2024-10-12,13.75
2024-10-13,13.62
2024-10-14,13.47
2024-10-15,13.34
2024-10-16,13.2
2024-10-17,13.06
2024-10-18,12.91
2024-10-19,12.77
2024-10-20,12.63
2024-10-21,12.49
2024-10-22,12.34
2024-10-23,12.2
2024-10-24,12.04
2024-10-25,11.9
2024-10-26,11.75
2024-10-27,11.6
2024-10-28,11.45
2024-10-29,11.3
2024-10-30,11.15
2024-10-31,11
2024-11-01,10.85
2024-11-02,10.7
2024-11-03,10.54
2024-11-04,10.41
2024-11-05,10.25
2024-11-06,10.11
2024-11-07,9.96
2024-11-08,9.8
2024-11-09,9.66
2024-11-10,9.51
2024-11-11,9.38
2024-11-12,9.23
2024-11-13,9.09
2024-11-14,8.95
2024-11-15,8.8
2024-11-16,8.67
2024-11-17,8.53
2024-11-18,8.39
2024-11-19,8.27
2024-11-20,8.13
2024-11-21,8.01
2024-11-22,7.88
2024-11-23,7.76
2024-11-24,7.64
2024-11-25,7.51
2024-11-26,7.4
2024-11-27,7.29
2024-11-28,7.17
2024-11-29,7.06
2024-11-30,6.96
2024-12-01,6.86
2024-12-02,6.75
2024-12-03,6.65
2024-12-04,6.55
2024-12-05,6.46
2024-12-06,6.38
2024-12-07,6.29
2024-12-08,6.2
2024-12-09,6.12
2024-12-10,6.04
2024-12-11,5.96
2024-12-12,5.88
2024-12-13,5.81
2024-12-14,5.75
2024-12-15,5.67
2024-12-16,5.62
2024-12-17,5.55
2024-12-18,5.5
2024-12-19,5.43
2024-12-20,5.39
2024-12-21,5.33
2024-12-22,5.28
2024-12-23,5.23
2024-12-24,5.19
2024-12-25,5.15
2024-12-26,5.11
2024-12-27,5.07
2024-12-28,5.03
2024-12-29,5
2024-12-30,4.96
2024-12-31,4.94
2025-01-01,4.9
2025-01-02,4.88
2025-01-03,4.85
2025-01-04,4.82
2025-01-05,4.8
2025-01-06,4.78
2025-01-07,4.76
2025-01-08,4.75
2025-01-09,4.73
2025-01-10,4.72
2025-01-11,4.71
2025-01-12,4.69
2025-01-13,4.68
2025-01-14,4.67
2025-01-15,4.66
2025-01-16,4.66
2025-01-17,4.66
2025-01-18,4.65
2025-01-19,4.66
2025-01-20,4.66
2025-01-21,4.66
2025-01-22,4.66
2025-01-23,4.67
2025-01-24,4.68
2025-01-25,4.69
2025-01-26,4.7
2025-01-27,4.71
2025-01-28,4.73
2025-01-29,4.74
2025-01-30,4.77
2025-01-31,4.78
2025-02-01,4.81
2025-02-02,4.84
2025-02-03,4.87
2025-02-04,4.9
2025-02-05,4.93
2025-02-06,4.97
2025-02-07,5
2025-02-08,5.05
2025-02-09,5.09
2025-02-10,5.13
2025-02-11,5.18
2025-02-12,5.23
2025-02-13,5.29
2025-02-14,5.35
2025-02-15,5.4
2025-02-16,5.46
2025-02-17,5.53
2025-02-18,5.6
2025-02-19,5.67
2025-02-20,5.74
2025-02-21,5.82
2025-02-22,5.9
2025-02-23,5.98
2025-02-24,6.07
2025-02-25,6.15
2025-02-26,6.24
2025-02-27,6.33
2025-02-28,6.43
2025-03-01,6.53
2025-03-02,6.62
2025-03-03,6.74
2025-03-04,6.84
2025-03-05,6.96
2025-03-06,7.06
2025-03-07,7.18
2025-03-08,7.29
2025-03-09,7.41
2025-03-10,7.53
2025-03-11,7.65
2025-03-12,7.76
2025-03-13,7.89
2025-03-14,8.01
2025-03-15,8.15
2025-03-16,8.27
2025-03-17,8.4
2025-03-18,8.53
2025-03-19,8.66
2025-03-20,8.78
2025-03-21,8.92
2025-03-22,9.05
2025-03-23,9.18
2025-03-24,9.33
2025-03-25,9.45
2025-03-26,9.59
2025-03-27,9.72
2025-03-28,9.85
2025-03-29,9.99
2025-03-30,10.11
2025-03-31,10.25
2025-04-01,10.37
2025-04-02,10.51
2025-04-03,10.63
2025-04-04,10.76
2025-04-05,10.89
2025-04-06,11.02
2025-04-07,11.14
2025-04-08,11.26
2025-04-09,11.39
2025-04-10,11.51
2025-04-11,11.62
2025-04-12,11.75
2025-04-13,11.87
2025-04-14,11.98
2025-04-15,12.1
2025-04-16,12.22
2025-04-17,12.33
2025-04-18,12.43
2025-04-19,12.55
2025-04-20,12.66
2025-04-21,12.77
2025-04-22,12.86
2025-04-23,12.97
2025-04-24,13.08
2025-04-25,13.19
2025-04-26,13.29
2025-04-27,13.39
2025-04-28,13.49
2025-04-29,13.58
2025-04-30,13.68
2025-05-01,13.78
2025-05-02,13.88
2025-05-03,13.97
2025-05-04,14.07
2025-05-05,14.17
2025-05-06,14.26
2025-05-07,14.36
2025-05-08,14.46
2025-05-09,14.55
2025-05-10,14.65
2025-05-11,14.74
2025-05-12,14.84
2025-05-13,14.94
2025-05-14,15.03
2025-05-15,15.14
2025-05-16,15.23
2025-05-17,15.33
2025-05-18,15.44
2025-05-19,15.54
2025-05-20,15.64
2025-05-21,15.75
2025-05-22,15.85
2025-05-23,15.95
2025-05-24,16.05
2025-05-25,16.16
2025-05-26,16.27
2025-05-27,16.38
2025-05-28,16.49
2025-05-29,16.61
2025-05-30,16.71
2025-05-31,16.83
2025-06-01,16.94
2025-06-02,17.05
2025-06-03,17.17
2025-06-04,17.28
2025-06-05,17.4
2025-06-06,17.52
2025-06-07,17.64
2025-06-08,17.75
2025-06-09,17.87
2025-06-10,17.99
2025-06-11,18.11
2025-06-12,18.23
2025-06-13,18.34
2025-06-14,18.46
2025-06-15,18.58
2025-06-16,18.69
2025-06-17,18.81
2025-06-18,18.92
2025-06-19,19.03
2025-06-20,19.14
2025-06-21,19.25
2025-06-22,19.36
2025-06-23,19.46
2025-06-24,19.57
2025-06-25,19.68
2025-06-26,19.78
2025-06-27,19.87
2025-06-28,19.97
2025-06-29,20.06
2025-06-30,20.15
2025-07-01,20.24
2025-07-02,20.32
2025-07-03,20.41
2025-07-04,20.48
2025-07-05,20.56
2025-07-06,20.62
2025-07-07,20.7
2025-07-08,20.75
2025-07-09,20.81
2025-07-10,20.87
2025-07-11,20.92
2025-07-12,20.97
2025-07-13,21.01
2025-07-14,21.04
2025-07-15,21.08
2025-07-16,21.11
2025-07-17,21.14
2025-07-18,21.16
2025-07-19,21.18
2025-07-20,21.19
2025-07-21,21.19
2025-07-22,21.2
2025-07-23,21.2
2025-07-24,21.19
2025-07-25,21.18
2025-07-26,21.17
2025-07-27,21.15
2025-07-28,21.12
2025-07-29,21.1
2025-07-30,21.07
2025-07-31,21.03
2025-08-01,20.99
2025-08-02,20.96
2025-08-03,20.91
2025-08-04,20.86
2025-08-05,20.8
2025-08-06,20.75
2025-08-07,20.68
2025-08-08,20.62
2025-08-09,20.56
2025-08-10,20.5
2025-08-11,20.42
2025-08-12,20.35
2025-08-13,20.27
2025-08-14,20.19
2025-08-15,20.12
2025-08-16,20.03
2025-08-17,19.94
2025-08-18,19.86
2025-08-19,19.77
2025-08-20,19.68
2025-08-21,19.59
2025-08-22,19.49
2025-08-23,19.4
2025-08-24,19.31
2025-08-25,19.2
2025-08-26,19.1
2025-08-27,19
2025-08-28,18.91
2025-08-29,18.8
2025-08-30,18.7
2025-08-31,18.6
2025-09-01,18.5
2025-09-02,18.39
2025-09-03,18.29
2025-09-04,18.19
2025-09-05,18.08
2025-09-06,17.98
2025-09-07,17.87
2025-09-08,17.76
2025-09-09,17.66
2025-09-10,17.55
2025-09-11,17.44
2025-09-12,17.32
2025-09-13,17.22
2025-09-14,17.12
2025-09-15,17
2025-09-16,16.89
2025-09-17,16.78
2025-09-18,16.67
2025-09-19,16.56
2025-09-20,16.45
2025-09-21,16.33
2025-09-22,16.22
2025-09-23,16.11
2025-09-24,15.99
2025-09-25,15.88
2025-09-26,15.76
2025-09-27,15.64
2025-09-28,15.52
2025-09-29,15.4
2025-09-30,15.29
2025-10-01,15.16
2025-10-02,15.04
2025-10-03,14.91
2025-10-04,14.79
2025-10-05,14.67
2025-10-06,14.54
2025-10-07,14.41
2025-10-08,14.28
2025-10-09,14.15
2025-10-10,14.02
2025-10-11,13.88
2025-10-12,13.75
2025-10-13,13.62
2025-10-14,13.47
2025-10-15,13.34
2025-10-16,13.2
2025-10-17,13.06
2025-10-18,12.91
2025-10-19,12.77
2025-10-20,12.63
2025-10-21,12.49
2025-10-22,12.34
2025-10-23,12.2
2025-10-24,12.04
2025-10-25,11.9
2025-10-26,11.75
2025-10-27,11.6
2025-10-28,11.45
2025-10-29,11.3
2025-10-30,11.15
2025-10-31,11
2025-11-01,10.85
2025-11-02,10.7
2025-11-03,10.54
2025-11-04,10.41
2025-11-05,10.25
2025-11-06,10.11
2025-11-07,9.96
2025-11-08,9.8
2025-11-09,9.66
2025-11-10,9.51
2025-11-11,9.38
2025-11-12,9.23
2025-11-13,9.09
2025-11-14,8.95
2025-11-15,8.8
2025-11-16,8.67
2025-11-17,8.53
2025-11-18,8.39
2025-11-19,8.27
2025-11-20,8.13
2025-11-21,8.01
2025-11-22,7.88
2025-11-23,7.76
2025-11-24,7.64
2025-11-25,7.51
2025-11-26,7.4
2025-11-27,7.29
2025-11-28,7.17
2025-11-29,7.06
2025-11-30,6.96
2025-12-01,6.86
2025-12-02,6.75
2025-12-03,6.65
2025-12-04,6.55
2025-12-05,6.46
2025-12-06,6.38
2025-12-07,6.29
2025-12-08,6.2
2025-12-09,6.12
2025-12-10,6.04
2025-12-11,5.96
2025-12-12,5.88
2025-12-13,5.81
2025-12-14,5.75
2025-12-15,5.67
2025-12-16,5.62
2025-12-17,5.55
2025-12-18,5.5
2025-12-19,5.43
2025-12-20,5.39
2025-12-21,5.33
2025-12-22,5.28
2025-12-23,5.23
2025-12-24,5.19
2025-12-25,5.15
2025-12-26,5.11
2025-12-27,5.07
2025-12-28,5.03
2025-12-29,5
2025-12-30,4.96
2025-12-31,4.94
2026-01-01,4.9
2026-01-02,4.88
2026-01-03,4.85
2026-01-04,4.82
2026-01-05,4.8
2026-01-06,4.78
2026-01-07,4.76
2026-01-08,4.75
2026-01-09,4.73
2026-01-10,4.72
2026-01-11,4.71
2026-01-12,4.69
2026-01-13,4.68
2026-01-14,4.67
2026-01-15,4.66
2026-01-16,4.66
2026-01-17,4.66
2026-01-18,4.65
2026-01-19,4.66
2026-01-20,4.66
2026-01-21,4.66
2026-01-22,4.66
2026-01-23,4.67
2026-01-24,4.68
2026-01-25,4.69
2026-01-26,4.7
2026-01-27,4.71
2026-01-28,4.73
2026-01-29,4.74
2026-01-30,4.77
2026-01-31,4.78
2026-02-01,4.81
2026-02-02,4.84
2026-02-03,4.87
2026-02-04,4.9
2026-02-05,4.93
2026-02-06,4.97
2026-02-07,5
2026-02-08,5.05
2026-02-09,5.09
2026-02-10,5.13
2026-02-11,5.18
2026-02-12,5.23
2026-02-13,5.29
2026-02-14,5.35
2026-02-15,5.4
2026-02-16,5.46
2026-02-17,5.53
2026-02-18,5.6
2026-02-19,5.67
2026-02-20,5.74
2026-02-21,5.82
2026-02-22,5.9
2026-02-23,5.98
2026-02-24,6.07
2026-02-25,6.15
2026-02-26,6.24
2026-02-27,6.33
2026-02-28,6.43
2026-03-01,6.53
2026-03-02,6.62
2026-03-03,6.74
2026-03-04,6.84
2026-03-05,6.96
2026-03-06,7.06
2026-03-07,7.18
2026-03-08,7.29
2026-03-09,7.41
2026-03-10,7.53
2026-03-11,7.65
2026-03-12,7.76
2026-03-13,7.89
2026-03-14,8.01
2026-03-15,8.15
2026-03-16,8.27
2026-03-17,8.4
2026-03-18,8.53
2026-03-19,8.66
2026-03-20,8.78
2026-03-21,8.92
2026-03-22,9.05
2026-03-23,9.18
2026-03-24,9.33
2026-03-25,9.45
2026-03-26,9.59
2026-03-27,9.72
2026-03-28,9.85
2026-03-29,9.99
2026-03-30,10.11
2026-03-31,10.25
2026-04-01,10.37
2026-04-02,10.51
2026-04-03,10.63
2026-04-04,10.76
2026-04-05,10.89
2026-04-06,11.02
2026-04-07,11.14
2026-04-08,11.26
2026-04-09,11.39
2026-04-10,11.51
2026-04-11,11.62
2026-04-12,11.75
2026-04-13,11.87
2026-04-14,11.98
2026-04-15,12.1
2026-04-16,12.22
2026-04-17,12.33
2026-04-18,12.43
2026-04-19,12.55
2026-04-20,12.66
2026-04-21,12.77
2026-04-22,12.86
2026-04-23,12.97
2026-04-24,13.08
2026-04-25,13.19
2026-04-26,13.29
2026-04-27,13.39
2026-04-28,13.49
2026-04-29,13.58
2026-04-30,13.68
2026-05-01,13.78
2026-05-02,13.88
2026-05-03,13.97
2026-05-04,14.07
2026-05-05,14.17
2026-05-06,14.26
2026-05-07,14.36
2026-05-08,14.46
2026-05-09,14.55
2026-05-10,14.65
2026-05-11,14.74
2026-05-12,14.84
2026-05-13,14.94
2026-05-14,15.03
2026-05-15,15.14
2026-05-16,15.23
2026-05-17,15.33
2026-05-18,15.44
2026-05-19,15.54
2026-05-20,15.64
2026-05-21,15.75
2026-05-22,15.85
2026-05-23,15.95
2026-05-24,16.05
2026-05-25,16.16
2026-05-26,16.27
2026-05-27,16.38
2026-05-28,16.49
2026-05-29,16.61
2026-05-30,16.71
2026-05-31,16.83
2026-06-01,16.94
2026-06-02,17.05
2026-06-03,17.17
2026-06-04,17.28
2026-06-05,17.4
2026-06-06,17.52
2026-06-07,17.64
2026-06-08,17.75
2026-06-09,17.87
2026-06-10,17.99
2026-06-11,18.11
2026-06-12,18.23
2026-06-13,18.34
2026-06-14,18.46
2026-06-15,18.58
2026-06-16,18.69
2026-06-17,18.81
2026-06-18,18.92
2026-06-19,19.03
2026-06-20,19.14
2026-06-21,19.25
2026-06-22,19.36
2026-06-23,19.46
2026-06-24,19.57
2026-06-25,19.68
2026-06-26,19.78
2026-06-27,19.87
2026-06-28,19.97
2026-06-29,20.06
2026-06-30,20.15
2026-07-01,20.24
2026-07-02,20.32
2026-07-03,20.41
2026-07-04,20.48
2026-07-05,20.56
2026-07-06,20.62
2026-07-07,20.7
2026-07-08,20.75
2026-07-09,20.81
2026-07-10,20.87
2026-07-11,20.92
2026-07-12,20.97
2026-07-13,21.01
2026-07-14,21.04
2026-07-15,21.08
2026-07-16,21.11
2026-07-17,21.14
2026-07-18,21.16
2026-07-19,21.18
2026-07-20,21.19
2026-07-21,21.19
2026-07-22,21.2
2026-07-23,21.2
2026-07-24,21.19
2026-07-25,21.18
2026-07-26,21.17
2026-07-27,21.15
2026-07-28,21.12
2026-07-29,21.1
2026-07-30,21.07
2026-07-31,21.03
2026-08-01,20.99
2026-08-02,20.96
2026-08-03,20.91
2026-08-04,20.86
2026-08-05,20.8
2026-08-06,20.75
2026-08-07,20.68
2026-08-08,20.62
2026-08-09,20.56
2026-08-10,20.5
2026-08-11,20.42
2026-08-12,20.35
2026-08-13,20.27
2026-08-14,20.19
2026-08-15,20.12
2026-08-16,20.03
2026-08-17,19.94
2026-08-18,19.86
2026-08-19,19.77
2026-08-20,19.68
2026-08-21,19.59
2026-08-22,19.49
2026-08-23,19.4
2026-08-24,19.31
2026-08-25,19.2
2026-08-26,19.1
2026-08-27,19
2026-08-28,18.91
2026-08-29,18.8
2026-08-30,18.7
2026-08-31,18.6
2026-09-01,18.5
2026-09-02,18.39
2026-09-03,18.29
2026-09-04,18.19
2026-09-05,18.08
2026-09-06,17.98
2026-09-07,17.87
2026-09-08,17.76
2026-09-09,17.66
2026-09-10,17.55
2026-09-11,17.44
2026-09-12,17.32
2026-09-13,17.22
2026-09-14,17.12
2026-09-15,17
2026-09-16,16.89
2026-09-17,16.78
2026-09-18,16.67
2026-09-19,16.56
2026-09-20,16.45
2026-09-21,16.33
2026-09-22,16.22
2026-09-23,16.11
2026-09-24,15.99
2026-09-25,15.88
2026-09-26,15.76
2026-09-27,15.64
2026-09-28,15.52
2026-09-29,15.4
2026-09-30,15.29
2026-10-01,15.16
2026-10-02,15.04
2026-10-03,14.91
2026-10-04,14.79
2026-10-05,14.67
2026-10-06,14.54
2026-10-07,14.41
2026-10-08,14.28
2026-10-09,14.15
2026-10-10,14.02
2026-10-11,13.88
2026-10-12,13.75
2026-10-13,13.62
2026-10-14,13.47
2026-10-15,13.34
2026-10-16,13.2
2026-10-17,13.06
2026-10-18,12.91
2026-10-19,12.77
2026-10-20,12.63
2026-10-21,12.49
2026-10-22,12.34
2026-10-23,12.2
2026-10-24,12.04
2026-10-25,11.9
2026-10-26,11.75
2026-10-27,11.6
2026-10-28,11.45
2026-10-29,11.3
2026-10-30,11.15
2026-10-31,11
2026-11-01,10.85
2026-11-02,10.7
2026-11-03,10.54
2026-11-04,10.41
2026-11-05,10.25
2026-11-06,10.11
2026-11-07,9.96
2026-11-08,9.8
2026-11-09,9.66
2026-11-10,9.51
2026-11-11,9.38
2026-11-12,9.23
2026-11-13,9.09
2026-11-14,8.95
2026-11-15,8.8
2026-11-16,8.67
2026-11-17,8.53
2026-11-18,8.39
2026-11-19,8.27
2026-11-20,8.13
2026-11-21,8.01
2026-11-22,7.88
2026-11-23,7.76
2026-11-24,7.64
2026-11-25,7.51
2026-11-26,7.4
2026-11-27,7.29
2026-11-28,7.17
2026-11-29,7.06
2026-11-30,6.96
2026-12-01,6.86
2026-12-02,6.75
2026-12-03,6.65
2026-12-04,6.55
2026-12-05,6.46
2026-12-06,6.38
2026-12-07,6.29
2026-12-08,6.2
2026-12-09,6.12
2026-12-10,6.04
2026-12-11,5.96
2026-12-12,5.88
2026-12-13,5.81
2026-12-14,5.75
2026-12-15,5.67
2026-12-16,5.62
2026-12-17,5.55
2026-12-18,5.5
2026-12-19,5.43
2026-12-20,5.39
2026-12-21,5.33
2026-12-22,5.28
2026-12-23,5.23
2026-12-24,5.19
2026-12-25,5.15
2026-12-26,5.11
2026-12-27,5.07
2026-12-28,5.03
2026-12-29,5
2026-12-30,4.96
2026-12-31,4.94
2027-01-01,4.9
2027-01-02,4.88
2027-01-03,4.85
2027-01-04,4.82
2027-01-05,4.8
2027-01-06,4.78
2027-01-07,4.76
2027-01-08,4.75
2027-01-09,4.73
2027-01-10,4.72
2027-01-11,4.71
2027-01-12,4.69
2027-01-13,4.68
2027-01-14,4.67
2027-01-15,4.66
2027-01-16,4.66
2027-01-17,4.66
2027-01-18,4.65
2027-01-19,4.66
2027-01-20,4.66
2027-01-21,4.66
2027-01-22,4.66
2027-01-23,4.67
2027-01-24,4.68
2027-01-25,4.69
2027-01-26,4.7
2027-01-27,4.71
2027-01-28,4.73
2027-01-29,4.74
2027-01-30,4.77
2027-01-31,4.78
2027-02-01,4.81
2027-02-02,4.84
2027-02-03,4.87
2027-02-04,4.9
2027-02-05,4.93
2027-02-06,4.97
2027-02-07,5
2027-02-08,5.05
2027-02-09,5.09
2027-02-10,5.13
2027-02-11,5.18
2027-02-12,5.23
2027-02-13,5.29
2027-02-14,5.35
2027-02-15,5.4
2027-02-16,5.46
2027-02-17,5.53
2027-02-18,5.6
2027-02-19,5.67
2027-02-20,5.74
2027-02-21,5.82
2027-02-22,5.9
2027-02-23,5.98
2027-02-24,6.07
2027-02-25,6.15
2027-02-26,6.24
2027-02-27,6.33
2027-02-28,6.43
2027-03-01,6.53
2027-03-02,6.62
2027-03-03,6.74
2027-03-04,6.84
2027-03-05,6.96
2027-03-06,7.06
2027-03-07,7.18
2027-03-08,7.29
2027-03-09,7.41
2027-03-10,7.53
2027-03-11,7.65
2027-03-12,7.76
2027-03-13,7.89
2027-03-14,8.01
2027-03-15,8.15
2027-03-16,8.27
2027-03-17,8.4
2027-03-18,8.53
2027-03-19,8.66
2027-03-20,8.78
2027-03-21,8.92
2027-03-22,9.05
2027-03-23,9.18
2027-03-24,9.33
2027-03-25,9.45
2027-03-26,9.59
2027-03-27,9.72
2027-03-28,9.85
2027-03-29,9.99
2027-03-30,10.11
2027-03-31,10.25
2027-04-01,10.37
2027-04-02,10.51
2027-04-03,10.63
2027-04-04,10.76
2027-04-05,10.89
2027-04-06,11.02
2027-04-07,11.14
2027-04-08,11.26
2027-04-09,11.39
2027-04-10,11.51
2027-04-11,11.62
2027-04-12,11.75
2027-04-13,11.87
2027-04-14,11.98
2027-04-15,12.1
2027-04-16,12.22
2027-04-17,12.33
2027-04-18,12.43
2027-04-19,12.55
2027-04-20,12.66
2027-04-21,12.77
2027-04-22,12.86
2027-04-23,12.97
2027-04-24,13.08
2027-04-25,13.19
2027-04-26,13.29
2027-04-27,13.39
2027-04-28,13.49
2027-04-29,13.58
2027-04-30,13.68
2027-05-01,13.78
2027-05-02,13.88
2027-05-03,13.97
2027-05-04,14.07
2027-05-05,14.17
2027-05-06,14.26
2027-05-07,14.36
2027-05-08,14.46
2027-05-09,14.55
2027-05-10,14.65
2027-05-11,14.74
2027-05-12,14.84
2027-05-13,14.94
2027-05-14,15.03
2027-05-15,15.14
2027-05-16,15.23
2027-05-17,15.33
2027-05-18,15.44
2027-05-19,15.54
2027-05-20,15.64
2027-05-21,15.75
2027-05-22,15.85
2027-05-23,15.95
2027-05-24,16.05
2027-05-25,16.16
2027-05-26,16.27
2027-05-27,16.38
2027-05-28,16.49
2027-05-29,16.61
2027-05-30,16.71
2027-05-31,16.83
2027-06-01,16.94
2027-06-02,17.05
2027-06-03,17.17
2027-06-04,17.28
2027-06-05,17.4
2027-06-06,17.52
2027-06-07,17.64
2027-06-08,17.75
2027-06-09,17.87
2027-06-10,17.99
2027-06-11,18.11
2027-06-12,18.23
2027-06-13,18.34
2027-06-14,18.46
2027-06-15,18.58
2027-06-16,18.69
2027-06-17,18.81
2027-06-18,18.92
2027-06-19,19.03
2027-06-20,19.14
2027-06-21,19.25
2027-06-22,19.36
2027-06-23,19.46
2027-06-24,19.57
2027-06-25,19.68
2027-06-26,19.78
2027-06-27,19.87
2027-06-28,19.97
2027-06-29,20.06
2027-06-30,20.15
2027-07-01,20.24
2027-07-02,20.32
2027-07-03,20.41
2027-07-04,20.48
2027-07-05,20.56
2027-07-06,20.62
2027-07-07,20.7
2027-07-08,20.75
2027-07-09,20.81
2027-07-10,20.87
2027-07-11,20.92
2027-07-12,20.97
2027-07-13,21.01
2027-07-14,21.04
2027-07-15,21.08
2027-07-16,21.11
2027-07-17,21.14
2027-07-18,21.16
2027-07-19,21.18
2027-07-20,21.19
2027-07-21,21.19
2027-07-22,21.2
2027-07-23,21.2
2027-07-24,21.19
2027-07-25,21.18
2027-07-26,21.17
2027-07-27,21.15
2027-07-28,21.12
2027-07-29,21.1
2027-07-30,21.07
2027-07-31,21.03
2027-08-01,20.99
2027-08-02,20.96
2027-08-03,20.91
2027-08-04,20.86
2027-08-05,20.8
2027-08-06,20.75
2027-08-07,20.68
2027-08-08,20.62
2027-08-09,20.56
2027-08-10,20.5
2027-08-11,20.42
2027-08-12,20.35
2027-08-13,20.27
2027-08-14,20.19
2027-08-15,20.12
2027-08-16,20.03
2027-08-17,19.94
2027-08-18,19.86
2027-08-19,19.77
2027-08-20,19.68
2027-08-21,19.59
2027-08-22,19.49
2027-08-23,19.4
2027-08-24,19.31
2027-08-25,19.2
2027-08-26,19.1
2027-08-27,19
2027-08-28,18.91
2027-08-29,18.8
2027-08-30,18.7
2027-08-31,18.6
2027-09-01,18.5
2027-09-02,18.39
2027-09-03,18.29
2027-09-04,18.19
2027-09-05,18.08
2027-09-06,17.98
2027-09-07,17.87
2027-09-08,17.76
2027-09-09,17.66
2027-09-10,17.55
2027-09-11,17.44
2027-09-12,17.32
2027-09-13,17.22
2027-09-14,17.12
2027-09-15,17
2027-09-16,16.89
2027-09-17,16.78
2027-09-18,16.67
2027-09-19,16.56
2027-09-20,16.45
2027-09-21,16.33
2027-09-22,16.22
2027-09-23,16.11
2027-09-24,15.99
2027-09-25,15.88
2027-09-26,15.76
2027-09-27,15.64
2027-09-28,15.52
2027-09-29,15.4
2027-09-30,15.29
2027-10-01,15.16
2027-10-02,15.04
2027-10-03,14.91
2027-10-04,14.79
2027-10-05,14.67
2027-10-06,14.54
2027-10-07,14.41
2027-10-08,14.28
2027-10-09,14.15
2027-10-10,14.02
2027-10-11,13.88
2027-10-12,13.75
2027-10-13,13.62
2027-10-14,13.47
2027-10-15,13.34
2027-10-16,13.2
2027-10-17,13.06
2027-10-18,12.91
2027-10-19,12.77
2027-10-20,12.63
2027-10-21,12.49
2027-10-22,12.34
2027-10-23,12.2
2027-10-24,12.04
2027-10-25,11.9
2027-10-26,11.75
2027-10-27,11.6
2027-10-28,11.45
2027-10-29,11.3
2027-10-30,11.15
2027-10-31,11
2027-11-01,10.85
2027-11-02,10.7
2027-11-03,10.54
2027-11-04,10.41
2027-11-05,10.25
2027-11-06,10.11
2027-11-07,9.96
2027-11-08,9.8
2027-11-09,9.66
2027-11-10,9.51
2027-11-11,9.38
2027-11-12,9.23
2027-11-13,9.09
2027-11-14,8.95
2027-11-15,8.8
2027-11-16,8.67
2027-11-17,8.53
2027-11-18,8.39
2027-11-19,8.27
2027-11-20,8.13
2027-11-21,8.01
2027-11-22,7.88
2027-11-23,7.76
2027-11-24,7.64
2027-11-25,7.51
2027-11-26,7.4
2027-11-27,7.29
2027-11-28,7.17
2027-11-29,7.06
2027-11-30,6.96
2027-12-01,6.86
2027-12-02,6.75
2027-12-03,6.65
2027-12-04,6.55
2027-12-05,6.46
2027-12-06,6.38
2027-12-07,6.29
2027-12-08,6.2
2027-12-09,6.12
2027-12-10,6.04
2027-12-11,5.96
2027-12-12,5.88
2027-12-13,5.81
2027-12-14,5.75
2027-12-15,5.67
2027-12-16,5.62
2027-12-17,5.55
2027-12-18,5.5
2027-12-19,5.43
2027-12-20,5.39
2027-12-21,5.33
2027-12-22,5.28
2027-12-23,5.23
2027-12-24,5.19
2027-12-25,5.15
2027-12-26,5.11
2027-12-27,5.07
2027-12-28,5.03
2027-12-29,5
2027-12-30,4.96
2027-12-31,4.94
2028-01-01,4.9
2028-01-02,4.88
2028-01-03,4.85
2028-01-04,4.82
2028-01-05,4.8
2028-01-06,4.78
2028-01-07,4.76
2028-01-08,4.75
2028-01-09,4.73
2028-01-10,4.72
2028-01-11,4.71
2028-01-12,4.69
2028-01-13,4.68
2028-01-14,4.67
2028-01-15,4.66
2028-01-16,4.66
2028-01-17,4.66
2028-01-18,4.65
2028-01-19,4.66
2028-01-20,4.66
2028-01-21,4.66
2028-01-22,4.66
2028-01-23,4.67
2028-01-24,4.68
2028-01-25,4.69
2028-01-26,4.7
2028-01-27,4.71
2028-01-28,4.73
2028-01-29,4.74
2028-01-30,4.77
2028-01-31,4.78
2028-02-01,4.81
2028-02-02,4.84
2028-02-03,4.87
2028-02-04,4.9
2028-02-05,4.93
2028-02-06,4.97
2028-02-07,5
2028-02-08,5.05
2028-02-09,5.09
2028-02-10,5.13
2028-02-11,5.18
2028-02-12,5.23
2028-02-13,5.29
2028-02-14,5.35
2028-02-15,5.4
2028-02-16,5.46
2028-02-17,5.53
2028-02-18,5.6
2028-02-19,5.67
2028-02-20,5.74
2028-02-21,5.82
2028-02-22,5.9
2028-02-23,5.98
2028-02-24,6.07
2028-02-25,6.15
2028-02-26,6.24
2028-02-27,6.33
2028-02-28,6.43
2028-02-29,6.48
2028-03-01,6.53
2028-03-02,6.62
2028-03-03,6.74
2028-03-04,6.84
2028-03-05,6.96
2028-03-06,7.06
2028-03-07,7.18
2028-03-08,7.29
2028-03-09,7.41
2028-03-10,7.53
2028-03-11,7.65
2028-03-12,7.76
2028-03-13,7.89
2028-03-14,8.01
2028-03-15,8.15
2028-03-16,8.27
2028-03-17,8.4
2028-03-18,8.53
2028-03-19,8.66
2028-03-20,8.78
2028-03-21,8.92
2028-03-22,9.05
2028-03-23,9.18
2028-03-24,9.33
2028-03-25,9.45
2028-03-26,9.59
2028-03-27,9.72
2028-03-28,9.85
2028-03-29,9.99
2028-03-30,10.11
2028-03-31,10.25
2028-04-01,10.37
2028-04-02,10.51
2028-04-03,10.63
2028-04-04,10.76
2028-04-05,10.89
2028-04-06,11.02
2028-04-07,11.14
2028-04-08,11.26
2028-04-09,11.39
2028-04-10,11.51
2028-04-11,11.62
2028-04-12,11.75
2028-04-13,11.87
2028-04-14,11.98
2028-04-15,12.1
2028-04-16,12.22
2028-04-17,12.33
2028-04-18,12.43
2028-04-19,12.55
2028-04-20,12.66
2028-04-21,12.77
2028-04-22,12.86
2028-04-23,12.97
2028-04-24,13.08
2028-04-25,13.19
2028-04-26,13.29
2028-04-27,13.39
2028-04-28,13.49
2028-04-29,13.58
2028-04-30,13.68
2028-05-01,13.78
2028-05-02,13.88
2028-05-03,13.97
2028-05-04,14.07
2028-05-05,14.17
2028-05-06,14.26
2028-05-07,14.36
2028-05-08,14.46
2028-05-09,14.55
2028-05-10,14.65
2028-05-11,14.74
2028-05-12,14.84
2028-05-13,14.94
2028-05-14,15.03
2028-05-15,15.14
2028-05-16,15.23
2028-05-17,15.33
2028-05-18,15.44
2028-05-19,15.54
2028-05-20,15.64
2028-05-21,15.75
2028-05-22,15.85
2028-05-23,15.95
2028-05-24,16.05
2028-05-25,16.16
2028-05-26,16.27
2028-05-27,16.38
2028-05-28,16.49
2028-05-29,16.61
2028-05-30,16.71
2028-05-31,16.83
2028-06-01,16.94
2028-06-02,17.05
2028-06-03,17.17
2028-06-04,17.28
2028-06-05,17.4
2028-06-06,17.52
2028-06-07,17.64
2028-06-08,17.75
2028-06-09,17.87
2028-06-10,17.99
2028-06-11,18.11
2028-06-12,18.23
2028-06-13,18.34
2028-06-14,18.46
2028-06-15,18.58
2028-06-16,18.69
2028-06-17,18.81
2028-06-18,18.92
2028-06-19,19.03
2028-06-20,19.14
2028-06-21,19.25
2028-06-22,19.36
2028-06-23,19.46
2028-06-24,19.57
2028-06-25,19.68
2028-06-26,19.78
2028-06-27,19.87
2028-06-28,19.97
2028-06-29,20.06
2028-06-30,20.15
2028-07-01,20.24
2028-07-02,20.32
2028-07-03,20.41
2028-07-04,20.48
2028-07-05,20.56
2028-07-06,20.62
2028-07-07,20.7
2028-07-08,20.75
2028-07-09,20.81
2028-07-10,20.87
2028-07-11,20.92
2028-07-12,20.97
2028-07-13,21.01
2028-07-14,21.04
2028-07-15,21.08
2028-07-16,21.11
2028-07-17,21.14
2028-07-18,21.16
2028-07-19,21.18
2028-07-20,21.19
2028-07-21,21.19
2028-07-22,21.2
2028-07-23,21.2
2028-07-24,21.19
2028-07-25,21.18
2028-07-26,21.17
2028-07-27,21.15
2028-07-28,21.12
2028-07-29,21.1
2028-07-30,21.07
2028-07-31,21.03
2028-08-01,20.99
2028-08-02,20.96
2028-08-03,20.91
2028-08-04,20.86
2028-08-05,20.8
2028-08-06,20.75
2028-08-07,20.68
2028-08-08,20.62
2028-08-09,20.56
2028-08-10,20.5
2028-08-11,20.42
2028-08-12,20.35
2028-08-13,20.27
2028-08-14,20.19
2028-08-15,20.12
2028-08-16,20.03
2028-08-17,19.94
2028-08-18,19.86
2028-08-19,19.77
2028-08-20,19.68
2028-08-21,19.59
2028-08-22,19.49
2028-08-23,19.4
2028-08-24,19.31
2028-08-25,19.2
2028-08-26,19.1
2028-08-27,19
2028-08-28,18.91
2028-08-29,18.8
2028-08-30,18.7
2028-08-31,18.6
2028-09-01,18.5
2028-09-02,18.39
2028-09-03,18.29
2028-09-04,18.19
2028-09-05,18.08
2028-09-06,17.98
2028-09-07,17.87
2028-09-08,17.76
2028-09-09,17.66
2028-09-10,17.55
2028-09-11,17.44
2028-09-12,17.32
2028-09-13,17.22
2028-09-14,17.12
2028-09-15,17
2028-09-16,16.89
2028-09-17,16.78
2028-09-18,16.67
2028-09-19,16.56
2028-09-20,16.45
2028-09-21,16.33
2028-09-22,16.22
2028-09-23,16.11
2028-09-24,15.99
2028-09-25,15.88
2028-09-26,15.76
2028-09-27,15.64
2028-09-28,15.52
2028-09-29,15.4
2028-09-30,15.29
2028-10-01,15.16
2028-10-02,15.04
2028-10-03,14.91
2028-10-04,14.79
2028-10-05,14.67
2028-10-06,14.54
2028-10-07,14.41
2028-10-08,14.28
2028-10-09,14.15
2028-10-10,14.02
2028-10-11,13.88
2028-10-12,13.75
2028-10-13,13.62
2028-10-14,13.47
2028-10-15,13.34
2028-10-16,13.2
2028-10-17,13.06
2028-10-18,12.91
2028-10-19,12.77
2028-10-20,12.63
2028-10-21,12.49
2028-10-22,12.34
2028-10-23,12.2
2028-10-24,12.04
2028-10-25,11.9
2028-10-26,11.75
2028-10-27,11.6
2028-10-28,11.45
2028-10-29,11.3
2028-10-30,11.15
2028-10-31,11
2028-11-01,10.85
2028-11-02,10.7
2028-11-03,10.54
2028-11-04,10.41
2028-11-05,10.25
2028-11-06,10.11
2028-11-07,9.96
2028-11-08,9.8
2028-11-09,9.66
2028-11-10,9.51
2028-11-11,9.38
2028-11-12,9.23
2028-11-13,9.09
2028-11-14,8.95
2028-11-15,8.8
2028-11-16,8.67
2028-11-17,8.53
2028-11-18,8.39
2028-11-19,8.27
2028-11-20,8.13
2028-11-21,8.01
2028-11-22,7.88
2028-11-23,7.76
2028-11-24,7.64
2028-11-25,7.51
2028-11-26,7.4
2028-11-27,7.29
2028-11-28,7.17
2028-11-29,7.06
2028-11-30,6.96
2028-12-01,6.86
2028-12-02,6.75
2028-12-03,6.65
2028-12-04,6.55
2028-12-05,6.46
2028-12-06,6.38
2028-12-07,6.29
2028-12-08,6.2
2028-12-09,6.12
2028-12-10,6.04
2028-12-11,5.96
2028-12-12,5.88
2028-12-13,5.81
2028-12-14,5.75
2028-12-15,5.67
2028-12-16,5.62
2028-12-17,5.55
2028-12-18,5.5
2028-12-19,5.43
2028-12-20,5.39
2028-12-21,5.33
2028-12-22,5.28
2028-12-23,5.23
2028-12-24,5.19
2028-12-25,5.15
2028-12-26,5.11
2028-12-27,5.07
2028-12-28,5.03
2028-12-29,5
2028-12-30,4.96
2028-12-31,4.94
2029-01-01,4.9
2029-01-02,4.88
2029-01-03,4.85
2029-01-04,4.82
2029-01-05,4.8
2029-01-06,4.78
2029-01-07,4.76
2029-01-08,4.75
2029-01-09,4.73
2029-01-10,4.72
2029-01-11,4.71
2029-01-12,4.69
2029-01-13,4.68
2029-01-14,4.67
2029-01-15,4.66
2029-01-16,4.66
2029-01-17,4.66
2029-01-18,4.65
2029-01-19,4.66
2029-01-20,4.66
2029-01-21,4.66
2029-01-22,4.66
2029-01-23,4.67
2029-01-24,4.68
2029-01-25,4.69
2029-01-26,4.7
2029-01-27,4.71
2029-01-28,4.73
2029-01-29,4.74
2029-01-30,4.77
2029-01-31,4.78
2029-02-01,4.81
2029-02-02,4.84
2029-02-03,4.87
2029-02-04,4.9
2029-02-05,4.93
2029-02-06,4.97
2029-02-07,5
2029-02-08,5.05
2029-02-09,5.09
2029-02-10,5.13
2029-02-11,5.18
2029-02-12,5.23
2029-02-13,5.29
2029-02-14,5.35
2029-02-15,5.4
2029-02-16,5.46
2029-02-17,5.53
2029-02-18,5.6
2029-02-19,5.67
2029-02-20,5.74
2029-02-21,5.82
2029-02-22,5.9
2029-02-23,5.98
2029-02-24,6.07
2029-02-25,6.15
2029-02-26,6.24
2029-02-27,6.33
2029-02-28,6.43
2029-03-01,6.53
2029-03-02,6.62
2029-03-03,6.74
2029-03-04,6.84
2029-03-05,6.96
2029-03-06,7.06
2029-03-07,7.18
2029-03-08,7.29
2029-03-09,7.41
2029-03-10,7.53
2029-03-11,7.65
2029-03-12,7.76
2029-03-13,7.89
2029-03-14,8.01
2029-03-15,8.15
2029-03-16,8.27
2029-03-17,8.4
2029-03-18,8.53
2029-03-19,8.66
2029-03-20,8.78
2029-03-21,8.92
2029-03-22,9.05
2029-03-23,9.18
2029-03-24,9.33
2029-03-25,9.45
2029-03-26,9.59
2029-03-27,9.72
2029-03-28,9.85
2029-03-29,9.99
2029-03-30,10.11
2029-03-31,10.25
